[2026-08-03 03:14:44] local.ERROR: SQLSTATE[42000]: Syntax error or access violation: 1055 'pos_riski.produk.stok' isn't in GROUP BY (Connection: mysql, Host: 127.0.0.1, Port: 3306, Database: pos_riski, SQL: select `produk`.`nama`, `produk`.`stok`, SUM(item_penjualan.kuantitas) as total_terjual from `item_penjualan` inner join `penjualan` on `penjualan`.`id` = `item_penjualan`.`penjualan_id` inner join `produk` on `produk`.`id` = `item_penjualan`.`produk_id` where date(`penjualan`.`created_at`) = 2026-08-03 and `penjualan`.`status` = COMPLETED group by `produk`.`id`, `produk`.`nama` order by `total_terjual` desc limit 5) {"userId":3,"exception":"[object] (Illuminate\\Database\\QueryException(code: 42000): SQLSTATE[42000]: Syntax error or access violation: 1055 'pos_riski.produk.stok' isn't in GROUP BY (Connection: mysql, Host: 127.0.0.1, Port: 3306, Database: pos_riski, SQL: select `produk`.`nama`, `produk`.`stok`, SUM(item_penjualan.kuantitas) as total_terjual from `item_penjualan` inner join `penjualan` on `penjualan`.`id` = `item_penjualan`.`penjualan_id` inner join `produk` on `produk`.`id` = `item_penjualan`.`produk_id` where date(`penjualan`.`created_at`) = 2026-08-03 and `penjualan`.`status` = COMPLETED group by `produk`.`id`, `produk`.`nama` order by `total_terjual` desc limit 5) at C:/laragon/www/APK_POS/vendor/laravel/framework/src/Illuminate/Database/Connection.php:838)
[stacktrace]
#0 C:/laragon/www/APK_POS/vendor/laravel/framework/src/Illuminate/Database/Connection.php(794): Illuminate/Database/Connection->runQueryCallback('select `produk`...', Array, Object(Closure))
#1 C:/laragon/www/APK_POS/vendor/laravel/framework/src/Illuminate/Database/Connection.php(411): Illuminate/Database/Connection->run('select `produk`...', Array, Object(Closure))
#2 C:/laragon/www/APK_POS/vendor/laravel/framework/src/Illuminate/Database/Query/Builder.php(3368): Illuminate/Database/Connection->select('select `produk`...', Array, true)
#3 C:/laragon/www/APK_POS/vendor/laravel/framework/src/Illuminate/Database/Query/Builder.php(3353): Illuminate/Database/Query/Builder->runSelect()
#4 C:/laragon/www/APK_POS/vendor/laravel/framework/src/Illuminate/Database/Query/Builder.php(3943): Illuminate/Database/Query/Builder->{closure:Illuminate/Database/Query/Builder::get():3352}()
#5 C:/laragon/www/APK_POS/vendor/laravel/framework/src/Illuminate/Database/Query/Builder.php(3352): Illuminate/Database/Query/Builder->onceWithColumns(Array, Object(Closure))
#6 C:/laragon/www/APK_POS/app/Services/LaporanPenjualanService.php(46): Illuminate/Database/Query/Builder->get()
#7 C:/laragon/www/APK_POS/app/Http/Controllers/DashboardController.php(24): App/Services/LaporanPenjualanService->produkTerlarisHariIni()
#8 C:/laragon/www/APK_POS/vendor/laravel/framework/src/Illuminate/Routing/Controller.php(54): App/Http/Controllers/DashboardController->index()
#9 C:/laragon/www/APK_POS/vendor/laravel/framework/src/Illuminate/Routing/ControllerDispatcher.php(43): Illuminate/Routing/Controller->callAction('index', Array)
#10 C:/laragon/www/APK_POS/vendor/laravel/framework/src/Illuminate/Routing/Route.php(265): Illuminate/Routing/ControllerDispatcher->dispatch(Object(Illuminate/Routing/Route), Object(App/Http/Controllers/DashboardController), 'index')
#11 C:/laragon/www/APK_POS/vendor/laravel/framework/src/Illuminate/Routing/Route.php(211): Illuminate/Routing/Route->runController()
#12 C:/laragon/www/APK_POS/vendor/laravel/framework/src/Illuminate/Routing/Router.php(822): Illuminate/Routing/Route->run()
#13 C:/laragon/www/APK_POS/vendor/laravel/framework/src/Illuminate/Pipeline/Pipeline.php(180): Illuminate/Routing/Router->{closure:Illuminate/Routing/Router::runRouteWithinStack():821}(Object(Illuminate/Http/Request))
#14 C:/laragon/www/APK_POS/vendor/laravel/framework/src/Illuminate/Routing/Middleware/SubstituteBindings.php(50): Illuminate/Pipeline/Pipeline->{closure:Illuminate/Pipeline/Pipeline::prepareDestination():178}(Object(Illuminate/Http/Request))
#15 C:/laragon/www/APK_POS/vendor/laravel/framework/src/Illuminate/Pipeline/Pipeline.php(219): Illuminate/Routing/Middleware/SubstituteBindings->handle(Object(Illuminate/Http/Request), Object(Closure))
#16 C:/laragon/www/APK_POS/vendor/laravel/framework/src/Illuminate/Auth/Middleware/Authenticate.php(63): Illuminate/Pipeline/Pipeline->{closure:{closure:Illuminate/Pipeline/Pipeline::carry():194}:195}(Object(Illuminate/Http/Request))
#17 C:/laragon/www/APK_POS/vendor/laravel/framework/src/Illuminate/Pipeline/Pipeline.php(219): Illuminate/Auth/Middleware/Authenticate->handle(Object(Illuminate/Http/Request), Object(Closure))
#18 C:/laragon/www/APK_POS/vendor/laravel/framework/src/Illuminate/Foundation/Http/Middleware/VerifyCsrfToken.php(87): Illuminate/Pipeline/Pipeline->{closure:{closure:Illuminate/Pipeline/Pipeline::carry():194}:195}(Object(Illuminate/Http/Request))
#19 C:/laragon/www/APK_POS/vendor/laravel/framework/src/Illuminate/Pipeline/Pipeline.php(219): Illuminate/Foundation/Http/Middleware/VerifyCsrfToken->handle(Object(Illuminate/Http/Request), Object(Closure))
#20 C:/laragon/www/APK_POS/vendor/laravel/framework/src/Illuminate/View/Middleware/ShareErrorsFromSession.php(48): Illuminate/Pipeline/Pipeline->{closure:{closure:Illuminate/Pipeline/Pipeline::carry():194}:195}(Object(Illuminate/Http/Request))
#21 C:/laragon/www/APK_POS/vendor/laravel/framework/src/Illuminate/Pipeline/Pipeline.php(219): Illuminate/View/Middleware/ShareErrorsFromSession->handle(Object(Illuminate/Http/Request), Object(Closure))
#22 C:/laragon/www/APK_POS/vendor/laravel/framework/src/Illuminate/Session/Middleware/StartSession.php(120): Illuminate/Pipeline/Pipeline->{closure:{closure:Illuminate/Pipeline/Pipeline::carry():194}:195}(Object(Illuminate/Http/Request))
#23 C:/laragon/www/APK_POS/vendor/laravel/framework/src/Illuminate/Session/Middleware/StartSession.php(63): Illuminate/Session/Middleware/StartSession->handleStatefulRequest(Object(Illuminate/Http/Request), Object(Illuminate/Session/Store), Object(Closure))
#24 C:/laragon/www/APK_POS/vendor/laravel/framework/src/Illuminate/Pipeline/Pipeline.php(219): Illuminate/Session/Middleware/StartSession->handle(Object(Illuminate/Http/Request), Object(Closure))
#25 C:/laragon/www/APK_POS/vendor/laravel/framework/src/Illuminate/Cookie/Middleware/AddQueuedCookiesToResponse.php(36): Illuminate/Pipeline/Pipeline->{closure:{closure:Illuminate/Pipeline/Pipeline::carry():194}:195}(Object(Illuminate/Http/Request))
#26 C:/laragon/www/APK_POS/vendor/laravel/framework/src/Illuminate/Pipeline/Pipeline.php(219): Illuminate/Cookie/Middleware/AddQueuedCookiesToResponse->handle(Object(Illuminate/Http/Request), Object(Closure))
#27 C:/laragon/www/APK_POS/vendor/laravel/framework/src/Illuminate/Cookie/Middleware/EncryptCookies.php(74): Illuminate/Pipeline/Pipeline->{closure:{closure:Illuminate/Pipeline/Pipeline::carry():194}:195}(Object(Illuminate/Http/Request))
#28 C:/laragon/www/APK_POS/vendor/laravel/framework/src/Illuminate/Pipeline/Pipeline.php(219): Illuminate/Cookie/Middleware/EncryptCookies->handle(Object(Illuminate/Http/Request), Object(Closure))
#29 C:/laragon/www/APK_POS/vendor/laravel/framework/src/Illuminate/Pipeline/Pipeline.php(137): Illuminate/Pipeline/Pipeline->{closure:{closure:Illuminate/Pipeline/Pipeline::carry():194}:195}(Object(Illuminate/Http/Request))
#30 C:/laragon/www/APK_POS/vendor/laravel/framework/src/Illuminate/Routing/Router.php(821): Illuminate/Pipeline/Pipeline->then(Object(Closure))
#31 C:/laragon/www/APK_POS/vendor/laravel/framework/src/Illuminate/Routing/Router.php(800): Illuminate/Routing/Router->runRouteWithinStack(Object(Illuminate/Routing/Route), Object(Illuminate/Http/Request))
#32 C:/laragon/www/APK_POS/vendor/laravel/framework/src/Illuminate/Routing/Router.php(764): Illuminate/Routing/Router->runRoute(Object(Illuminate/Http/Request), Object(Illuminate/Routing/Route))
#33 C:/laragon/www/APK_POS/vendor/laravel/framework/src/Illuminate/Routing/Router.php(753): Illuminate/Routing/Router->dispatchToRoute(Object(Illuminate/Http/Request))
#34 C:/laragon/www/APK_POS/vendor/laravel/framework/src/Illuminate/Foundation/Http/Kernel.php(200): Illuminate/Routing/Router->dispatch(Object(Illuminate/Http/Request))
#35 C:/laragon/www/APK_POS/vendor/laravel/framework/src/Illuminate/Pipeline/Pipeline.php(180): Illuminate/Foundation/Http/Kernel->{closure:Illuminate/Foundation/Http/Kernel::dispatchToRouter():197}(Object(Illuminate/Http/Request))
#36 C:/laragon/www/APK_POS/vendor/laravel/framework/src/Illuminate/Foundation/Http/Middleware/TransformsRequest.php(21): Illuminate/Pipeline/Pipeline->{closure:Illuminate/Pipeline/Pipeline::prepareDestination():178}(Object(Illuminate/Http/Request))
#37 C:/laragon/www/APK_POS/vendor/laravel/framework/src/Illuminate/Foundation/Http/Middleware/ConvertEmptyStringsToNull.php(31): Illuminate/Foundation/Http/Middleware/TransformsRequest->handle(Object(Illuminate/Http/Request), Object(Closure))
#38 C:/laragon/www/APK_POS/vendor/laravel/framework/src/Illuminate/Pipeline/Pipeline.php(219): Illuminate/Foundation/Http/Middleware/ConvertEmptyStringsToNull->handle(Object(Illuminate/Http/Request), Object(Closure))
#39 C:/laragon/www/APK_POS/vendor/laravel/framework/src/Illuminate/Foundation/Http/Middleware/TransformsRequest.php(21): Illuminate/Pipeline/Pipeline->{closure:{closure:Illuminate/Pipeline/Pipeline::carry():194}:195}(Object(Illuminate/Http/Request))
#40 C:/laragon/www/APK_POS/vendor/laravel/framework/src/Illuminate/Foundation/Http/Middleware/TrimStrings.php(51): Illuminate/Foundation/Http/Middleware/TransformsRequest->handle(Object(Illuminate/Http/Request), Object(Closure))
#41 C:/laragon/www/APK_POS/vendor/laravel/framework/src/Illuminate/Pipeline/Pipeline.php(219): Illuminate/Foundation/Http/Middleware/TrimStrings->handle(Object(Illuminate/Http/Request), Object(Closure))
#42 C:/laragon/www/APK_POS/vendor/laravel/framework/src/Illuminate/Http/Middleware/ValidatePostSize.php(27): Illuminate/Pipeline/Pipeline->{closure:{closure:Illuminate/Pipeline/Pipeline::carry():194}:195}(Object(Illuminate/Http/Request))
#43 C:/laragon/www/APK_POS/vendor/laravel/framework/src/Illuminate/Pipeline/Pipeline.php(219): Illuminate/Http/Middleware/ValidatePostSize->handle(Object(Illuminate/Http/Request), Object(Closure))
#44 C:/laragon/www/APK_POS/vendor/laravel/framework/src/Illuminate/Foundation/Http/Middleware/PreventRequestsDuringMaintenance.php(109): Illuminate/Pipeline/Pipeline->{closure:{closure:Illuminate/Pipeline/Pipeline::carry():194}:195}(Object(Illuminate/Http/Request))
#45 C:/laragon/www/APK_POS/vendor/laravel/framework/src/Illuminate/Pipeline/Pipeline.php(219): Illuminate/Foundation/Http/Middleware/PreventRequestsDuringMaintenance->handle(Object(Illuminate/Http/Request), Object(Closure))
#46 C:/laragon/www/APK_POS/vendor/laravel/framework/src/Illuminate/Http/Middleware/HandleCors.php(48): Illuminate/Pipeline/Pipeline->{closure:{closure:Illuminate/Pipeline/Pipeline::carry():194}:195}(Object(Illuminate/Http/Request))
#47 C:/laragon/www/APK_POS/vendor/laravel/framework/src/Illuminate/Pipeline/Pipeline.php(219): Illuminate/Http/Middleware/HandleCors->handle(Object(Illuminate/Http/Request), Object(Closure))
#48 C:/laragon/www/APK_POS/vendor/laravel/framework/src/Illuminate/Http/Middleware/TrustProxies.php(58): Illuminate/Pipeline/Pipeline->{closure:{closure:Illuminate/Pipeline/Pipeline::carry():194}:195}(Object(Illuminate/Http/Request))
#49 C:/laragon/www/APK_POS/vendor/laravel/framework/src/Illuminate/Pipeline/Pipeline.php(219): Illuminate/Http/Middleware/TrustProxies->handle(Object(Illuminate/Http/Request), Object(Closure))
#50 C:/laragon/www/APK_POS/vendor/laravel/framework/src/Illuminate/Foundation/Http/Middleware/InvokeDeferredCallbacks.php(22): Illuminate/Pipeline/Pipeline->{closure:{closure:Illuminate/Pipeline/Pipeline::carry():194}:195}(Object(Illuminate/Http/Request))
#51 C:/laragon/www/APK_POS/vendor/laravel/framework/src/Illuminate/Pipeline/Pipeline.php(219): Illuminate/Foundation/Http/Middleware/InvokeDeferredCallbacks->handle(Object(Illuminate/Http/Request), Object(Closure))
#52 C:/laragon/www/APK_POS/vendor/laravel/framework/src/Illuminate/Http/Middleware/ValidatePathEncoding.php(26): Illuminate/Pipeline/Pipeline->{closure:{closure:Illuminate/Pipeline/Pipeline::carry():194}:195}(Object(Illuminate/Http/Request))
#53 C:/laragon/www/APK_POS/vendor/laravel/framework/src/Illuminate/Pipeline/Pipeline.php(219): Illuminate/Http/Middleware/ValidatePathEncoding->handle(Object(Illuminate/Http/Request), Object(Closure))
#54 C:/laragon/www/APK_POS/vendor/laravel/framework/src/Illuminate/Pipeline/Pipeline.php(137): Illuminate/Pipeline/Pipeline->{closure:{closure:Illuminate/Pipeline/Pipeline::carry():194}:195}(Object(Illuminate/Http/Request))
#55 C:/laragon/www/APK_POS/vendor/laravel/framework/src/Illuminate/Foundation/Http/Kernel.php(175): Illuminate/Pipeline/Pipeline->then(Object(Closure))
#56 C:/laragon/www/APK_POS/vendor/laravel/framework/src/Illuminate/Foundation/Http/Kernel.php(144): Illuminate/Foundation/Http/Kernel->sendRequestThroughRouter(Object(Illuminate/Http/Request))
#57 C:/laragon/www/APK_POS/vendor/laravel/framework/src/Illuminate/Foundation/Application.php(1220): Illuminate/Foundation/Http/Kernel->handle(Object(Illuminate/Http/Request))
#58 C:/laragon/www/APK_POS/public/index.php(20): Illuminate/Foundation/Application->handleRequest(Object(Illuminate/Http/Request))
#59 C:/laragon/www/APK_POS/vendor/laravel/framework/src/Illuminate/Foundation/resources/server.php(23): require_once('C://laragon//www//...')
#60 {main}

[previous exception] [object] (PDOException(code: 42000): SQLSTATE[42000]: Syntax error or access violation: 1055 'pos_riski.produk.stok' isn't in GROUP BY at C:/laragon/www/APK_POS/vendor/laravel/framework/src/Illuminate/Database/Connection.php:420)
[stacktrace]
#0 C:/laragon/www/APK_POS/vendor/laravel/framework/src/Illuminate/Database/Connection.php(420): PDO->prepare('select `produk`...')
#1 C:/laragon/www/APK_POS/vendor/laravel/framework/src/Illuminate/Database/Connection.php(827): Illuminate/Database/Connection->{closure:Illuminate/Database/Connection::select():411}('select `produk`...', Array)
#2 C:/laragon/www/APK_POS/vendor/laravel/framework/src/Illuminate/Database/Connection.php(794): Illuminate/Database/Connection->runQueryCallback('select `produk`...', Array, Object(Closure))
#3 C:/laragon/www/APK_POS/vendor/laravel/framework/src/Illuminate/Database/Connection.php(411): Illuminate/Database/Connection->run('select `produk`...', Array, Object(Closure))
#4 C:/laragon/www/APK_POS/vendor/laravel/framework/src/Illuminate/Database/Query/Builder.php(3368): Illuminate/Database/Connection->select('select `produk`...', Array, true)
#5 C:/laragon/www/APK_POS/vendor/laravel/framework/src/Illuminate/Database/Query/Builder.php(3353): Illuminate/Database/Query/Builder->runSelect()
#6 C:/laragon/www/APK_POS/vendor/laravel/framework/src/Illuminate/Database/Query/Builder.php(3943): Illuminate/Database/Query/Builder->{closure:Illuminate/Database/Query/Builder::get():3352}()
#7 C:/laragon/www/APK_POS/vendor/laravel/framework/src/Illuminate/Database/Query/Builder.php(3352): Illuminate/Database/Query/Builder->onceWithColumns(Array, Object(Closure))
#8 C:/laragon/www/APK_POS/app/Services/LaporanPenjualanService.php(46): Illuminate/Database/Query/Builder->get()
#9 C:/laragon/www/APK_POS/app/Http/Controllers/DashboardController.php(24): App/Services/LaporanPenjualanService->produkTerlarisHariIni()
#10 C:/laragon/www/APK_POS/vendor/laravel/framework/src/Illuminate/Routing/Controller.php(54): App/Http/Controllers/DashboardController->index()
#11 C:/laragon/www/APK_POS/vendor/laravel/framework/src/Illuminate/Routing/ControllerDispatcher.php(43): Illuminate/Routing/Controller->callAction('index', Array)
#12 C:/laragon/www/APK_POS/vendor/laravel/framework/src/Illuminate/Routing/Route.php(265): Illuminate/Routing/ControllerDispatcher->dispatch(Object(Illuminate/Routing/Route), Object(App/Http/Controllers/DashboardController), 'index')
#13 C:/laragon/www/APK_POS/vendor/laravel/framework/src/Illuminate/Routing/Route.php(211): Illuminate/Routing/Route->runController()
#14 C:/laragon/www/APK_POS/vendor/laravel/framework/src/Illuminate/Routing/Router.php(822): Illuminate/Routing/Route->run()
#15 C:/laragon/www/APK_POS/vendor/laravel/framework/src/Illuminate/Pipeline/Pipeline.php(180): Illuminate/Routing/Router->{closure:Illuminate/Routing/Router::runRouteWithinStack():821}(Object(Illuminate/Http/Request))
#16 C:/laragon/www/APK_POS/vendor/laravel/framework/src/Illuminate/Routing/Middleware/SubstituteBindings.php(50): Illuminate/Pipeline/Pipeline->{closure:Illuminate/Pipeline/Pipeline::prepareDestination():178}(Object(Illuminate/Http/Request))
#17 C:/laragon/www/APK_POS/vendor/laravel/framework/src/Illuminate/Pipeline/Pipeline.php(219): Illuminate/Routing/Middleware/SubstituteBindings->handle(Object(Illuminate/Http/Request), Object(Closure))
#18 C:/laragon/www/APK_POS/vendor/laravel/framework/src/Illuminate/Auth/Middleware/Authenticate.php(63): Illuminate/Pipeline/Pipeline->{closure:{closure:Illuminate/Pipeline/Pipeline::carry():194}:195}(Object(Illuminate/Http/Request))
#19 C:/laragon/www/APK_POS/vendor/laravel/framework/src/Illuminate/Pipeline/Pipeline.php(219): Illuminate/Auth/Middleware/Authenticate->handle(Object(Illuminate/Http/Request), Object(Closure))
#20 C:/laragon/www/APK_POS/vendor/laravel/framework/src/Illuminate/Foundation/Http/Middleware/VerifyCsrfToken.php(87): Illuminate/Pipeline/Pipeline->{closure:{closure:Illuminate/Pipeline/Pipeline::carry():194}:195}(Object(Illuminate/Http/Request))
#21 C:/laragon/www/APK_POS/vendor/laravel/framework/src/Illuminate/Pipeline/Pipeline.php(219): Illuminate/Foundation/Http/Middleware/VerifyCsrfToken->handle(Object(Illuminate/Http/Request), Object(Closure))
#22 C:/laragon/www/APK_POS/vendor/laravel/framework/src/Illuminate/View/Middleware/ShareErrorsFromSession.php(48): Illuminate/Pipeline/Pipeline->{closure:{closure:Illuminate/Pipeline/Pipeline::carry():194}:195}(Object(Illuminate/Http/Request))
#23 C:/laragon/www/APK_POS/vendor/laravel/framework/src/Illuminate/Pipeline/Pipeline.php(219): Illuminate/View/Middleware/ShareErrorsFromSession->handle(Object(Illuminate/Http/Request), Object(Closure))
#24 C:/laragon/www/APK_POS/vendor/laravel/framework/src/Illuminate/Session/Middleware/StartSession.php(120): Illuminate/Pipeline/Pipeline->{closure:{closure:Illuminate/Pipeline/Pipeline::carry():194}:195}(Object(Illuminate/Http/Request))
#25 C:/laragon/www/APK_POS/vendor/laravel/framework/src/Illuminate/Session/Middleware/StartSession.php(63): Illuminate/Session/Middleware/StartSession->handleStatefulRequest(Object(Illuminate/Http/Request), Object(Illuminate/Session/Store), Object(Closure))
#26 C:/laragon/www/APK_POS/vendor/laravel/framework/src/Illuminate/Pipeline/Pipeline.php(219): Illuminate/Session/Middleware/StartSession->handle(Object(Illuminate/Http/Request), Object(Closure))
#27 C:/laragon/www/APK_POS/vendor/laravel/framework/src/Illuminate/Cookie/Middleware/AddQueuedCookiesToResponse.php(36): Illuminate/Pipeline/Pipeline->{closure:{closure:Illuminate/Pipeline/Pipeline::carry():194}:195}(Object(Illuminate/Http/Request))
#28 C:/laragon/www/APK_POS/vendor/laravel/framework/src/Illuminate/Pipeline/Pipeline.php(219): Illuminate/Cookie/Middleware/AddQueuedCookiesToResponse->handle(Object(Illuminate/Http/Request), Object(Closure))
#29 C:/laragon/www/APK_POS/vendor/laravel/framework/src/Illuminate/Cookie/Middleware/EncryptCookies.php(74): Illuminate/Pipeline/Pipeline->{closure:{closure:Illuminate/Pipeline/Pipeline::carry():194}:195}(Object(Illuminate/Http/Request))
#30 C:/laragon/www/APK_POS/vendor/laravel/framework/src/Illuminate/Pipeline/Pipeline.php(219): Illuminate/Cookie/Middleware/EncryptCookies->handle(Object(Illuminate/Http/Request), Object(Closure))
#31 C:/laragon/www/APK_POS/vendor/laravel/framework/src/Illuminate/Pipeline/Pipeline.php(137): Illuminate/Pipeline/Pipeline->{closure:{closure:Illuminate/Pipeline/Pipeline::carry():194}:195}(Object(Illuminate/Http/Request))
#32 C:/laragon/www/APK_POS/vendor/laravel/framework/src/Illuminate/Routing/Router.php(821): Illuminate/Pipeline/Pipeline->then(Object(Closure))
#33 C:/laragon/www/APK_POS/vendor/laravel/framework/src/Illuminate/Routing/Router.php(800): Illuminate/Routing/Router->runRouteWithinStack(Object(Illuminate/Routing/Route), Object(Illuminate/Http/Request))
#34 C:/laragon/www/APK_POS/vendor/laravel/framework/src/Illuminate/Routing/Router.php(764): Illuminate/Routing/Router->runRoute(Object(Illuminate/Http/Request), Object(Illuminate/Routing/Route))
#35 C:/laragon/www/APK_POS/vendor/laravel/framework/src/Illuminate/Routing/Router.php(753): Illuminate/Routing/Router->dispatchToRoute(Object(Illuminate/Http/Request))
#36 C:/laragon/www/APK_POS/vendor/laravel/framework/src/Illuminate/Foundation/Http/Kernel.php(200): Illuminate/Routing/Router->dispatch(Object(Illuminate/Http/Request))
#37 C:/laragon/www/APK_POS/vendor/laravel/framework/src/Illuminate/Pipeline/Pipeline.php(180): Illuminate/Foundation/Http/Kernel->{closure:Illuminate/Foundation/Http/Kernel::dispatchToRouter():197}(Object(Illuminate/Http/Request))
#38 C:/laragon/www/APK_POS/vendor/laravel/framework/src/Illuminate/Foundation/Http/Middleware/TransformsRequest.php(21): Illuminate/Pipeline/Pipeline->{closure:Illuminate/Pipeline/Pipeline::prepareDestination():178}(Object(Illuminate/Http/Request))
#39 C:/laragon/www/APK_POS/vendor/laravel/framework/src/Illuminate/Foundation/Http/Middleware/ConvertEmptyStringsToNull.php(31): Illuminate/Foundation/Http/Middleware/TransformsRequest->handle(Object(Illuminate/Http/Request), Object(Closure))
#40 C:/laragon/www/APK_POS/vendor/laravel/framework/src/Illuminate/Pipeline/Pipeline.php(219): Illuminate/Foundation/Http/Middleware/ConvertEmptyStringsToNull->handle(Object(Illuminate/Http/Request), Object(Closure))
#41 C:/laragon/www/APK_POS/vendor/laravel/framework/src/Illuminate/Foundation/Http/Middleware/TransformsRequest.php(21): Illuminate/Pipeline/Pipeline->{closure:{closure:Illuminate/Pipeline/Pipeline::carry():194}:195}(Object(Illuminate/Http/Request))
#42 C:/laragon/www/APK_POS/vendor/laravel/framework/src/Illuminate/Foundation/Http/Middleware/TrimStrings.php(51): Illuminate/Foundation/Http/Middleware/TransformsRequest->handle(Object(Illuminate/Http/Request), Object(Closure))
#43 C:/laragon/www/APK_POS/vendor/laravel/framework/src/Illuminate/Pipeline/Pipeline.php(219): Illuminate/Foundation/Http/Middleware/TrimStrings->handle(Object(Illuminate/Http/Request), Object(Closure))
#44 C:/laragon/www/APK_POS/vendor/laravel/framework/src/Illuminate/Http/Middleware/ValidatePostSize.php(27): Illuminate/Pipeline/Pipeline->{closure:{closure:Illuminate/Pipeline/Pipeline::carry():194}:195}(Object(Illuminate/Http/Request))
#45 C:/laragon/www/APK_POS/vendor/laravel/framework/src/Illuminate/Pipeline/Pipeline.php(219): Illuminate/Http/Middleware/ValidatePostSize->handle(Object(Illuminate/Http/Request), Object(Closure))
#46 C:/laragon/www/APK_POS/vendor/laravel/framework/src/Illuminate/Foundation/Http/Middleware/PreventRequestsDuringMaintenance.php(109): Illuminate/Pipeline/Pipeline->{closure:{closure:Illuminate/Pipeline/Pipeline::carry():194}:195}(Object(Illuminate/Http/Request))
#47 C:/laragon/www/APK_POS/vendor/laravel/framework/src/Illuminate/Pipeline/Pipeline.php(219): Illuminate/Foundation/Http/Middleware/PreventRequestsDuringMaintenance->handle(Object(Illuminate/Http/Request), Object(Closure))
#48 C:/laragon/www/APK_POS/vendor/laravel/framework/src/Illuminate/Http/Middleware/HandleCors.php(48): Illuminate/Pipeline/Pipeline->{closure:{closure:Illuminate/Pipeline/Pipeline::carry():194}:195}(Object(Illuminate/Http/Request))
#49 C:/laragon/www/APK_POS/vendor/laravel/framework/src/Illuminate/Pipeline/Pipeline.php(219): Illuminate/Http/Middleware/HandleCors->handle(Object(Illuminate/Http/Request), Object(Closure))
#50 C:/laragon/www/APK_POS/vendor/laravel/framework/src/Illuminate/Http/Middleware/TrustProxies.php(58): Illuminate/Pipeline/Pipeline->{closure:{closure:Illuminate/Pipeline/Pipeline::carry():194}:195}(Object(Illuminate/Http/Request))
#51 C:/laragon/www/APK_POS/vendor/laravel/framework/src/Illuminate/Pipeline/Pipeline.php(219): Illuminate/Http/Middleware/TrustProxies->handle(Object(Illuminate/Http/Request), Object(Closure))
#52 C:/laragon/www/APK_POS/vendor/laravel/framework/src/Illuminate/Foundation/Http/Middleware/InvokeDeferredCallbacks.php(22): Illuminate/Pipeline/Pipeline->{closure:{closure:Illuminate/Pipeline/Pipeline::carry():194}:195}(Object(Illuminate/Http/Request))
#53 C:/laragon/www/APK_POS/vendor/laravel/framework/src/Illuminate/Pipeline/Pipeline.php(219): Illuminate/Foundation/Http/Middleware/InvokeDeferredCallbacks->handle(Object(Illuminate/Http/Request), Object(Closure))
#54 C:/laragon/www/APK_POS/vendor/laravel/framework/src/Illuminate/Http/Middleware/ValidatePathEncoding.php(26): Illuminate/Pipeline/Pipeline->{closure:{closure:Illuminate/Pipeline/Pipeline::carry():194}:195}(Object(Illuminate/Http/Request))
#55 C:/laragon/www/APK_POS/vendor/laravel/framework/src/Illuminate/Pipeline/Pipeline.php(219): Illuminate/Http/Middleware/ValidatePathEncoding->handle(Object(Illuminate/Http/Request), Object(Closure))
#56 C:/laragon/www/APK_POS/vendor/laravel/framework/src/Illuminate/Pipeline/Pipeline.php(137): Illuminate/Pipeline/Pipeline->{closure:{closure:Illuminate/Pipeline/Pipeline::carry():194}:195}(Object(Illuminate/Http/Request))
#57 C:/laragon/www/APK_POS/vendor/laravel/framework/src/Illuminate/Foundation/Http/Kernel.php(175): Illuminate/Pipeline/Pipeline->then(Object(Closure))
#58 C:/laragon/www/APK_POS/vendor/laravel/framework/src/Illuminate/Foundation/Http/Kernel.php(144): Illuminate/Foundation/Http/Kernel->sendRequestThroughRouter(Object(Illuminate/Http/Request))
#59 C:/laragon/www/APK_POS/vendor/laravel/framework/src/Illuminate/Foundation/Application.php(1220): Illuminate/Foundation/Http/Kernel->handle(Object(Illuminate/Http/Request))
#60 C:/laragon/www/APK_POS/public/index.php(20): Illuminate/Foundation/Application->handleRequest(Object(Illuminate/Http/Request))
#61 C:/laragon/www/APK_POS/vendor/laravel/framework/src/Illuminate/Foundation/resources/server.php(23): require_once('C://laragon//www//...')
#62 {main}
"} 
[2026-08-03 03:14:53] local.ERROR: SQLSTATE[42000]: Syntax error or access violation: 1055 'pos_riski.produk.stok' isn't in GROUP BY (Connection: mysql, Host: 127.0.0.1, Port: 3306, Database: pos_riski, SQL: select `produk`.`nama`, `produk`.`stok`, SUM(item_penjualan.kuantitas) as total_terjual from `item_penjualan` inner join `penjualan` on `penjualan`.`id` = `item_penjualan`.`penjualan_id` inner join `produk` on `produk`.`id` = `item_penjualan`.`produk_id` where date(`penjualan`.`created_at`) = 2026-08-03 and `penjualan`.`status` = COMPLETED group by `produk`.`id`, `produk`.`nama` order by `total_terjual` desc limit 5) {"userId":3,"exception":"[object] (Illuminate\\Database\\QueryException(code: 42000): SQLSTATE[42000]: Syntax error or access violation: 1055 'pos_riski.produk.stok' isn't in GROUP BY (Connection: mysql, Host: 127.0.0.1, Port: 3306, Database: pos_riski, SQL: select `produk`.`nama`, `produk`.`stok`, SUM(item_penjualan.kuantitas) as total_terjual from `item_penjualan` inner join `penjualan` on `penjualan`.`id` = `item_penjualan`.`penjualan_id` inner join `produk` on `produk`.`id` = `item_penjualan`.`produk_id` where date(`penjualan`.`created_at`) = 2026-08-03 and `penjualan`.`status` = COMPLETED group by `produk`.`id`, `produk`.`nama` order by `total_terjual` desc limit 5) at C:/laragon/www/APK_POS/vendor/laravel/framework/src/Illuminate/Database/Connection.php:838)
[stacktrace]
#0 C:/laragon/www/APK_POS/vendor/laravel/framework/src/Illuminate/Database/Connection.php(794): Illuminate/Database/Connection->runQueryCallback('select `produk`...', Array, Object(Closure))
#1 C:/laragon/www/APK_POS/vendor/laravel/framework/src/Illuminate/Database/Connection.php(411): Illuminate/Database/Connection->run('select `produk`...', Array, Object(Closure))
#2 C:/laragon/www/APK_POS/vendor/laravel/framework/src/Illuminate/Database/Query/Builder.php(3368): Illuminate/Database/Connection->select('select `produk`...', Array, true)
#3 C:/laragon/www/APK_POS/vendor/laravel/framework/src/Illuminate/Database/Query/Builder.php(3353): Illuminate/Database/Query/Builder->runSelect()
#4 C:/laragon/www/APK_POS/vendor/laravel/framework/src/Illuminate/Database/Query/Builder.php(3943): Illuminate/Database/Query/Builder->{closure:Illuminate/Database/Query/Builder::get():3352}()
#5 C:/laragon/www/APK_POS/vendor/laravel/framework/src/Illuminate/Database/Query/Builder.php(3352): Illuminate/Database/Query/Builder->onceWithColumns(Array, Object(Closure))
#6 C:/laragon/www/APK_POS/app/Services/LaporanPenjualanService.php(46): Illuminate/Database/Query/Builder->get()
#7 C:/laragon/www/APK_POS/app/Http/Controllers/DashboardController.php(24): App/Services/LaporanPenjualanService->produkTerlarisHariIni()
#8 C:/laragon/www/APK_POS/vendor/laravel/framework/src/Illuminate/Routing/Controller.php(54): App/Http/Controllers/DashboardController->index()
#9 C:/laragon/www/APK_POS/vendor/laravel/framework/src/Illuminate/Routing/ControllerDispatcher.php(43): Illuminate/Routing/Controller->callAction('index', Array)
#10 C:/laragon/www/APK_POS/vendor/laravel/framework/src/Illuminate/Routing/Route.php(265): Illuminate/Routing/ControllerDispatcher->dispatch(Object(Illuminate/Routing/Route), Object(App/Http/Controllers/DashboardController), 'index')
#11 C:/laragon/www/APK_POS/vendor/laravel/framework/src/Illuminate/Routing/Route.php(211): Illuminate/Routing/Route->runController()
#12 C:/laragon/www/APK_POS/vendor/laravel/framework/src/Illuminate/Routing/Router.php(822): Illuminate/Routing/Route->run()
#13 C:/laragon/www/APK_POS/vendor/laravel/framework/src/Illuminate/Pipeline/Pipeline.php(180): Illuminate/Routing/Router->{closure:Illuminate/Routing/Router::runRouteWithinStack():821}(Object(Illuminate/Http/Request))
#14 C:/laragon/www/APK_POS/vendor/laravel/framework/src/Illuminate/Routing/Middleware/SubstituteBindings.php(50): Illuminate/Pipeline/Pipeline->{closure:Illuminate/Pipeline/Pipeline::prepareDestination():178}(Object(Illuminate/Http/Request))
#15 C:/laragon/www/APK_POS/vendor/laravel/framework/src/Illuminate/Pipeline/Pipeline.php(219): Illuminate/Routing/Middleware/SubstituteBindings->handle(Object(Illuminate/Http/Request), Object(Closure))
#16 C:/laragon/www/APK_POS/vendor/laravel/framework/src/Illuminate/Auth/Middleware/Authenticate.php(63): Illuminate/Pipeline/Pipeline->{closure:{closure:Illuminate/Pipeline/Pipeline::carry():194}:195}(Object(Illuminate/Http/Request))
#17 C:/laragon/www/APK_POS/vendor/laravel/framework/src/Illuminate/Pipeline/Pipeline.php(219): Illuminate/Auth/Middleware/Authenticate->handle(Object(Illuminate/Http/Request), Object(Closure))
#18 C:/laragon/www/APK_POS/vendor/laravel/framework/src/Illuminate/Foundation/Http/Middleware/VerifyCsrfToken.php(87): Illuminate/Pipeline/Pipeline->{closure:{closure:Illuminate/Pipeline/Pipeline::carry():194}:195}(Object(Illuminate/Http/Request))
#19 C:/laragon/www/APK_POS/vendor/laravel/framework/src/Illuminate/Pipeline/Pipeline.php(219): Illuminate/Foundation/Http/Middleware/VerifyCsrfToken->handle(Object(Illuminate/Http/Request), Object(Closure))
#20 C:/laragon/www/APK_POS/vendor/laravel/framework/src/Illuminate/View/Middleware/ShareErrorsFromSession.php(48): Illuminate/Pipeline/Pipeline->{closure:{closure:Illuminate/Pipeline/Pipeline::carry():194}:195}(Object(Illuminate/Http/Request))
#21 C:/laragon/www/APK_POS/vendor/laravel/framework/src/Illuminate/Pipeline/Pipeline.php(219): Illuminate/View/Middleware/ShareErrorsFromSession->handle(Object(Illuminate/Http/Request), Object(Closure))
#22 C:/laragon/www/APK_POS/vendor/laravel/framework/src/Illuminate/Session/Middleware/StartSession.php(120): Illuminate/Pipeline/Pipeline->{closure:{closure:Illuminate/Pipeline/Pipeline::carry():194}:195}(Object(Illuminate/Http/Request))
#23 C:/laragon/www/APK_POS/vendor/laravel/framework/src/Illuminate/Session/Middleware/StartSession.php(63): Illuminate/Session/Middleware/StartSession->handleStatefulRequest(Object(Illuminate/Http/Request), Object(Illuminate/Session/Store), Object(Closure))
#24 C:/laragon/www/APK_POS/vendor/laravel/framework/src/Illuminate/Pipeline/Pipeline.php(219): Illuminate/Session/Middleware/StartSession->handle(Object(Illuminate/Http/Request), Object(Closure))
#25 C:/laragon/www/APK_POS/vendor/laravel/framework/src/Illuminate/Cookie/Middleware/AddQueuedCookiesToResponse.php(36): Illuminate/Pipeline/Pipeline->{closure:{closure:Illuminate/Pipeline/Pipeline::carry():194}:195}(Object(Illuminate/Http/Request))
#26 C:/laragon/www/APK_POS/vendor/laravel/framework/src/Illuminate/Pipeline/Pipeline.php(219): Illuminate/Cookie/Middleware/AddQueuedCookiesToResponse->handle(Object(Illuminate/Http/Request), Object(Closure))
#27 C:/laragon/www/APK_POS/vendor/laravel/framework/src/Illuminate/Cookie/Middleware/EncryptCookies.php(74): Illuminate/Pipeline/Pipeline->{closure:{closure:Illuminate/Pipeline/Pipeline::carry():194}:195}(Object(Illuminate/Http/Request))
#28 C:/laragon/www/APK_POS/vendor/laravel/framework/src/Illuminate/Pipeline/Pipeline.php(219): Illuminate/Cookie/Middleware/EncryptCookies->handle(Object(Illuminate/Http/Request), Object(Closure))
#29 C:/laragon/www/APK_POS/vendor/laravel/framework/src/Illuminate/Pipeline/Pipeline.php(137): Illuminate/Pipeline/Pipeline->{closure:{closure:Illuminate/Pipeline/Pipeline::carry():194}:195}(Object(Illuminate/Http/Request))
#30 C:/laragon/www/APK_POS/vendor/laravel/framework/src/Illuminate/Routing/Router.php(821): Illuminate/Pipeline/Pipeline->then(Object(Closure))
#31 C:/laragon/www/APK_POS/vendor/laravel/framework/src/Illuminate/Routing/Router.php(800): Illuminate/Routing/Router->runRouteWithinStack(Object(Illuminate/Routing/Route), Object(Illuminate/Http/Request))
#32 C:/laragon/www/APK_POS/vendor/laravel/framework/src/Illuminate/Routing/Router.php(764): Illuminate/Routing/Router->runRoute(Object(Illuminate/Http/Request), Object(Illuminate/Routing/Route))
#33 C:/laragon/www/APK_POS/vendor/laravel/framework/src/Illuminate/Routing/Router.php(753): Illuminate/Routing/Router->dispatchToRoute(Object(Illuminate/Http/Request))
#34 C:/laragon/www/APK_POS/vendor/laravel/framework/src/Illuminate/Foundation/Http/Kernel.php(200): Illuminate/Routing/Router->dispatch(Object(Illuminate/Http/Request))
#35 C:/laragon/www/APK_POS/vendor/laravel/framework/src/Illuminate/Pipeline/Pipeline.php(180): Illuminate/Foundation/Http/Kernel->{closure:Illuminate/Foundation/Http/Kernel::dispatchToRouter():197}(Object(Illuminate/Http/Request))
#36 C:/laragon/www/APK_POS/vendor/laravel/framework/src/Illuminate/Foundation/Http/Middleware/TransformsRequest.php(21): Illuminate/Pipeline/Pipeline->{closure:Illuminate/Pipeline/Pipeline::prepareDestination():178}(Object(Illuminate/Http/Request))
#37 C:/laragon/www/APK_POS/vendor/laravel/framework/src/Illuminate/Foundation/Http/Middleware/ConvertEmptyStringsToNull.php(31): Illuminate/Foundation/Http/Middleware/TransformsRequest->handle(Object(Illuminate/Http/Request), Object(Closure))
#38 C:/laragon/www/APK_POS/vendor/laravel/framework/src/Illuminate/Pipeline/Pipeline.php(219): Illuminate/Foundation/Http/Middleware/ConvertEmptyStringsToNull->handle(Object(Illuminate/Http/Request), Object(Closure))
#39 C:/laragon/www/APK_POS/vendor/laravel/framework/src/Illuminate/Foundation/Http/Middleware/TransformsRequest.php(21): Illuminate/Pipeline/Pipeline->{closure:{closure:Illuminate/Pipeline/Pipeline::carry():194}:195}(Object(Illuminate/Http/Request))
#40 C:/laragon/www/APK_POS/vendor/laravel/framework/src/Illuminate/Foundation/Http/Middleware/TrimStrings.php(51): Illuminate/Foundation/Http/Middleware/TransformsRequest->handle(Object(Illuminate/Http/Request), Object(Closure))
#41 C:/laragon/www/APK_POS/vendor/laravel/framework/src/Illuminate/Pipeline/Pipeline.php(219): Illuminate/Foundation/Http/Middleware/TrimStrings->handle(Object(Illuminate/Http/Request), Object(Closure))
#42 C:/laragon/www/APK_POS/vendor/laravel/framework/src/Illuminate/Http/Middleware/ValidatePostSize.php(27): Illuminate/Pipeline/Pipeline->{closure:{closure:Illuminate/Pipeline/Pipeline::carry():194}:195}(Object(Illuminate/Http/Request))
#43 C:/laragon/www/APK_POS/vendor/laravel/framework/src/Illuminate/Pipeline/Pipeline.php(219): Illuminate/Http/Middleware/ValidatePostSize->handle(Object(Illuminate/Http/Request), Object(Closure))
#44 C:/laragon/www/APK_POS/vendor/laravel/framework/src/Illuminate/Foundation/Http/Middleware/PreventRequestsDuringMaintenance.php(109): Illuminate/Pipeline/Pipeline->{closure:{closure:Illuminate/Pipeline/Pipeline::carry():194}:195}(Object(Illuminate/Http/Request))
#45 C:/laragon/www/APK_POS/vendor/laravel/framework/src/Illuminate/Pipeline/Pipeline.php(219): Illuminate/Foundation/Http/Middleware/PreventRequestsDuringMaintenance->handle(Object(Illuminate/Http/Request), Object(Closure))
#46 C:/laragon/www/APK_POS/vendor/laravel/framework/src/Illuminate/Http/Middleware/HandleCors.php(48): Illuminate/Pipeline/Pipeline->{closure:{closure:Illuminate/Pipeline/Pipeline::carry():194}:195}(Object(Illuminate/Http/Request))
#47 C:/laragon/www/APK_POS/vendor/laravel/framework/src/Illuminate/Pipeline/Pipeline.php(219): Illuminate/Http/Middleware/HandleCors->handle(Object(Illuminate/Http/Request), Object(Closure))
#48 C:/laragon/www/APK_POS/vendor/laravel/framework/src/Illuminate/Http/Middleware/TrustProxies.php(58): Illuminate/Pipeline/Pipeline->{closure:{closure:Illuminate/Pipeline/Pipeline::carry():194}:195}(Object(Illuminate/Http/Request))
#49 C:/laragon/www/APK_POS/vendor/laravel/framework/src/Illuminate/Pipeline/Pipeline.php(219): Illuminate/Http/Middleware/TrustProxies->handle(Object(Illuminate/Http/Request), Object(Closure))
#50 C:/laragon/www/APK_POS/vendor/laravel/framework/src/Illuminate/Foundation/Http/Middleware/InvokeDeferredCallbacks.php(22): Illuminate/Pipeline/Pipeline->{closure:{closure:Illuminate/Pipeline/Pipeline::carry():194}:195}(Object(Illuminate/Http/Request))
#51 C:/laragon/www/APK_POS/vendor/laravel/framework/src/Illuminate/Pipeline/Pipeline.php(219): Illuminate/Foundation/Http/Middleware/InvokeDeferredCallbacks->handle(Object(Illuminate/Http/Request), Object(Closure))
#52 C:/laragon/www/APK_POS/vendor/laravel/framework/src/Illuminate/Http/Middleware/ValidatePathEncoding.php(26): Illuminate/Pipeline/Pipeline->{closure:{closure:Illuminate/Pipeline/Pipeline::carry():194}:195}(Object(Illuminate/Http/Request))
#53 C:/laragon/www/APK_POS/vendor/laravel/framework/src/Illuminate/Pipeline/Pipeline.php(219): Illuminate/Http/Middleware/ValidatePathEncoding->handle(Object(Illuminate/Http/Request), Object(Closure))
#54 C:/laragon/www/APK_POS/vendor/laravel/framework/src/Illuminate/Pipeline/Pipeline.php(137): Illuminate/Pipeline/Pipeline->{closure:{closure:Illuminate/Pipeline/Pipeline::carry():194}:195}(Object(Illuminate/Http/Request))
#55 C:/laragon/www/APK_POS/vendor/laravel/framework/src/Illuminate/Foundation/Http/Kernel.php(175): Illuminate/Pipeline/Pipeline->then(Object(Closure))
#56 C:/laragon/www/APK_POS/vendor/laravel/framework/src/Illuminate/Foundation/Http/Kernel.php(144): Illuminate/Foundation/Http/Kernel->sendRequestThroughRouter(Object(Illuminate/Http/Request))
#57 C:/laragon/www/APK_POS/vendor/laravel/framework/src/Illuminate/Foundation/Application.php(1220): Illuminate/Foundation/Http/Kernel->handle(Object(Illuminate/Http/Request))
#58 C:/laragon/www/APK_POS/public/index.php(20): Illuminate/Foundation/Application->handleRequest(Object(Illuminate/Http/Request))
#59 C:/laragon/www/APK_POS/vendor/laravel/framework/src/Illuminate/Foundation/resources/server.php(23): require_once('C://laragon//www//...')
#60 {main}

[previous exception] [object] (PDOException(code: 42000): SQLSTATE[42000]: Syntax error or access violation: 1055 'pos_riski.produk.stok' isn't in GROUP BY at C:/laragon/www/APK_POS/vendor/laravel/framework/src/Illuminate/Database/Connection.php:420)
[stacktrace]
#0 C:/laragon/www/APK_POS/vendor/laravel/framework/src/Illuminate/Database/Connection.php(420): PDO->prepare('select `produk`...')
#1 C:/laragon/www/APK_POS/vendor/laravel/framework/src/Illuminate/Database/Connection.php(827): Illuminate/Database/Connection->{closure:Illuminate/Database/Connection::select():411}('select `produk`...', Array)
#2 C:/laragon/www/APK_POS/vendor/laravel/framework/src/Illuminate/Database/Connection.php(794): Illuminate/Database/Connection->runQueryCallback('select `produk`...', Array, Object(Closure))
#3 C:/laragon/www/APK_POS/vendor/laravel/framework/src/Illuminate/Database/Connection.php(411): Illuminate/Database/Connection->run('select `produk`...', Array, Object(Closure))
#4 C:/laragon/www/APK_POS/vendor/laravel/framework/src/Illuminate/Database/Query/Builder.php(3368): Illuminate/Database/Connection->select('select `produk`...', Array, true)
#5 C:/laragon/www/APK_POS/vendor/laravel/framework/src/Illuminate/Database/Query/Builder.php(3353): Illuminate/Database/Query/Builder->runSelect()
#6 C:/laragon/www/APK_POS/vendor/laravel/framework/src/Illuminate/Database/Query/Builder.php(3943): Illuminate/Database/Query/Builder->{closure:Illuminate/Database/Query/Builder::get():3352}()
#7 C:/laragon/www/APK_POS/vendor/laravel/framework/src/Illuminate/Database/Query/Builder.php(3352): Illuminate/Database/Query/Builder->onceWithColumns(Array, Object(Closure))
#8 C:/laragon/www/APK_POS/app/Services/LaporanPenjualanService.php(46): Illuminate/Database/Query/Builder->get()
#9 C:/laragon/www/APK_POS/app/Http/Controllers/DashboardController.php(24): App/Services/LaporanPenjualanService->produkTerlarisHariIni()
#10 C:/laragon/www/APK_POS/vendor/laravel/framework/src/Illuminate/Routing/Controller.php(54): App/Http/Controllers/DashboardController->index()
#11 C:/laragon/www/APK_POS/vendor/laravel/framework/src/Illuminate/Routing/ControllerDispatcher.php(43): Illuminate/Routing/Controller->callAction('index', Array)
#12 C:/laragon/www/APK_POS/vendor/laravel/framework/src/Illuminate/Routing/Route.php(265): Illuminate/Routing/ControllerDispatcher->dispatch(Object(Illuminate/Routing/Route), Object(App/Http/Controllers/DashboardController), 'index')
#13 C:/laragon/www/APK_POS/vendor/laravel/framework/src/Illuminate/Routing/Route.php(211): Illuminate/Routing/Route->runController()
#14 C:/laragon/www/APK_POS/vendor/laravel/framework/src/Illuminate/Routing/Router.php(822): Illuminate/Routing/Route->run()
#15 C:/laragon/www/APK_POS/vendor/laravel/framework/src/Illuminate/Pipeline/Pipeline.php(180): Illuminate/Routing/Router->{closure:Illuminate/Routing/Router::runRouteWithinStack():821}(Object(Illuminate/Http/Request))
#16 C:/laragon/www/APK_POS/vendor/laravel/framework/src/Illuminate/Routing/Middleware/SubstituteBindings.php(50): Illuminate/Pipeline/Pipeline->{closure:Illuminate/Pipeline/Pipeline::prepareDestination():178}(Object(Illuminate/Http/Request))
#17 C:/laragon/www/APK_POS/vendor/laravel/framework/src/Illuminate/Pipeline/Pipeline.php(219): Illuminate/Routing/Middleware/SubstituteBindings->handle(Object(Illuminate/Http/Request), Object(Closure))
#18 C:/laragon/www/APK_POS/vendor/laravel/framework/src/Illuminate/Auth/Middleware/Authenticate.php(63): Illuminate/Pipeline/Pipeline->{closure:{closure:Illuminate/Pipeline/Pipeline::carry():194}:195}(Object(Illuminate/Http/Request))
#19 C:/laragon/www/APK_POS/vendor/laravel/framework/src/Illuminate/Pipeline/Pipeline.php(219): Illuminate/Auth/Middleware/Authenticate->handle(Object(Illuminate/Http/Request), Object(Closure))
#20 C:/laragon/www/APK_POS/vendor/laravel/framework/src/Illuminate/Foundation/Http/Middleware/VerifyCsrfToken.php(87): Illuminate/Pipeline/Pipeline->{closure:{closure:Illuminate/Pipeline/Pipeline::carry():194}:195}(Object(Illuminate/Http/Request))
#21 C:/laragon/www/APK_POS/vendor/laravel/framework/src/Illuminate/Pipeline/Pipeline.php(219): Illuminate/Foundation/Http/Middleware/VerifyCsrfToken->handle(Object(Illuminate/Http/Request), Object(Closure))
#22 C:/laragon/www/APK_POS/vendor/laravel/framework/src/Illuminate/View/Middleware/ShareErrorsFromSession.php(48): Illuminate/Pipeline/Pipeline->{closure:{closure:Illuminate/Pipeline/Pipeline::carry():194}:195}(Object(Illuminate/Http/Request))
#23 C:/laragon/www/APK_POS/vendor/laravel/framework/src/Illuminate/Pipeline/Pipeline.php(219): Illuminate/View/Middleware/ShareErrorsFromSession->handle(Object(Illuminate/Http/Request), Object(Closure))
#24 C:/laragon/www/APK_POS/vendor/laravel/framework/src/Illuminate/Session/Middleware/StartSession.php(120): Illuminate/Pipeline/Pipeline->{closure:{closure:Illuminate/Pipeline/Pipeline::carry():194}:195}(Object(Illuminate/Http/Request))
#25 C:/laragon/www/APK_POS/vendor/laravel/framework/src/Illuminate/Session/Middleware/StartSession.php(63): Illuminate/Session/Middleware/StartSession->handleStatefulRequest(Object(Illuminate/Http/Request), Object(Illuminate/Session/Store), Object(Closure))
#26 C:/laragon/www/APK_POS/vendor/laravel/framework/src/Illuminate/Pipeline/Pipeline.php(219): Illuminate/Session/Middleware/StartSession->handle(Object(Illuminate/Http/Request), Object(Closure))
#27 C:/laragon/www/APK_POS/vendor/laravel/framework/src/Illuminate/Cookie/Middleware/AddQueuedCookiesToResponse.php(36): Illuminate/Pipeline/Pipeline->{closure:{closure:Illuminate/Pipeline/Pipeline::carry():194}:195}(Object(Illuminate/Http/Request))
#28 C:/laragon/www/APK_POS/vendor/laravel/framework/src/Illuminate/Pipeline/Pipeline.php(219): Illuminate/Cookie/Middleware/AddQueuedCookiesToResponse->handle(Object(Illuminate/Http/Request), Object(Closure))
#29 C:/laragon/www/APK_POS/vendor/laravel/framework/src/Illuminate/Cookie/Middleware/EncryptCookies.php(74): Illuminate/Pipeline/Pipeline->{closure:{closure:Illuminate/Pipeline/Pipeline::carry():194}:195}(Object(Illuminate/Http/Request))
#30 C:/laragon/www/APK_POS/vendor/laravel/framework/src/Illuminate/Pipeline/Pipeline.php(219): Illuminate/Cookie/Middleware/EncryptCookies->handle(Object(Illuminate/Http/Request), Object(Closure))
#31 C:/laragon/www/APK_POS/vendor/laravel/framework/src/Illuminate/Pipeline/Pipeline.php(137): Illuminate/Pipeline/Pipeline->{closure:{closure:Illuminate/Pipeline/Pipeline::carry():194}:195}(Object(Illuminate/Http/Request))
#32 C:/laragon/www/APK_POS/vendor/laravel/framework/src/Illuminate/Routing/Router.php(821): Illuminate/Pipeline/Pipeline->then(Object(Closure))
#33 C:/laragon/www/APK_POS/vendor/laravel/framework/src/Illuminate/Routing/Router.php(800): Illuminate/Routing/Router->runRouteWithinStack(Object(Illuminate/Routing/Route), Object(Illuminate/Http/Request))
#34 C:/laragon/www/APK_POS/vendor/laravel/framework/src/Illuminate/Routing/Router.php(764): Illuminate/Routing/Router->runRoute(Object(Illuminate/Http/Request), Object(Illuminate/Routing/Route))
#35 C:/laragon/www/APK_POS/vendor/laravel/framework/src/Illuminate/Routing/Router.php(753): Illuminate/Routing/Router->dispatchToRoute(Object(Illuminate/Http/Request))
#36 C:/laragon/www/APK_POS/vendor/laravel/framework/src/Illuminate/Foundation/Http/Kernel.php(200): Illuminate/Routing/Router->dispatch(Object(Illuminate/Http/Request))
#37 C:/laragon/www/APK_POS/vendor/laravel/framework/src/Illuminate/Pipeline/Pipeline.php(180): Illuminate/Foundation/Http/Kernel->{closure:Illuminate/Foundation/Http/Kernel::dispatchToRouter():197}(Object(Illuminate/Http/Request))
#38 C:/laragon/www/APK_POS/vendor/laravel/framework/src/Illuminate/Foundation/Http/Middleware/TransformsRequest.php(21): Illuminate/Pipeline/Pipeline->{closure:Illuminate/Pipeline/Pipeline::prepareDestination():178}(Object(Illuminate/Http/Request))
#39 C:/laragon/www/APK_POS/vendor/laravel/framework/src/Illuminate/Foundation/Http/Middleware/ConvertEmptyStringsToNull.php(31): Illuminate/Foundation/Http/Middleware/TransformsRequest->handle(Object(Illuminate/Http/Request), Object(Closure))
#40 C:/laragon/www/APK_POS/vendor/laravel/framework/src/Illuminate/Pipeline/Pipeline.php(219): Illuminate/Foundation/Http/Middleware/ConvertEmptyStringsToNull->handle(Object(Illuminate/Http/Request), Object(Closure))
#41 C:/laragon/www/APK_POS/vendor/laravel/framework/src/Illuminate/Foundation/Http/Middleware/TransformsRequest.php(21): Illuminate/Pipeline/Pipeline->{closure:{closure:Illuminate/Pipeline/Pipeline::carry():194}:195}(Object(Illuminate/Http/Request))
#42 C:/laragon/www/APK_POS/vendor/laravel/framework/src/Illuminate/Foundation/Http/Middleware/TrimStrings.php(51): Illuminate/Foundation/Http/Middleware/TransformsRequest->handle(Object(Illuminate/Http/Request), Object(Closure))
#43 C:/laragon/www/APK_POS/vendor/laravel/framework/src/Illuminate/Pipeline/Pipeline.php(219): Illuminate/Foundation/Http/Middleware/TrimStrings->handle(Object(Illuminate/Http/Request), Object(Closure))
#44 C:/laragon/www/APK_POS/vendor/laravel/framework/src/Illuminate/Http/Middleware/ValidatePostSize.php(27): Illuminate/Pipeline/Pipeline->{closure:{closure:Illuminate/Pipeline/Pipeline::carry():194}:195}(Object(Illuminate/Http/Request))
#45 C:/laragon/www/APK_POS/vendor/laravel/framework/src/Illuminate/Pipeline/Pipeline.php(219): Illuminate/Http/Middleware/ValidatePostSize->handle(Object(Illuminate/Http/Request), Object(Closure))
#46 C:/laragon/www/APK_POS/vendor/laravel/framework/src/Illuminate/Foundation/Http/Middleware/PreventRequestsDuringMaintenance.php(109): Illuminate/Pipeline/Pipeline->{closure:{closure:Illuminate/Pipeline/Pipeline::carry():194}:195}(Object(Illuminate/Http/Request))
#47 C:/laragon/www/APK_POS/vendor/laravel/framework/src/Illuminate/Pipeline/Pipeline.php(219): Illuminate/Foundation/Http/Middleware/PreventRequestsDuringMaintenance->handle(Object(Illuminate/Http/Request), Object(Closure))
#48 C:/laragon/www/APK_POS/vendor/laravel/framework/src/Illuminate/Http/Middleware/HandleCors.php(48): Illuminate/Pipeline/Pipeline->{closure:{closure:Illuminate/Pipeline/Pipeline::carry():194}:195}(Object(Illuminate/Http/Request))
#49 C:/laragon/www/APK_POS/vendor/laravel/framework/src/Illuminate/Pipeline/Pipeline.php(219): Illuminate/Http/Middleware/HandleCors->handle(Object(Illuminate/Http/Request), Object(Closure))
#50 C:/laragon/www/APK_POS/vendor/laravel/framework/src/Illuminate/Http/Middleware/TrustProxies.php(58): Illuminate/Pipeline/Pipeline->{closure:{closure:Illuminate/Pipeline/Pipeline::carry():194}:195}(Object(Illuminate/Http/Request))
#51 C:/laragon/www/APK_POS/vendor/laravel/framework/src/Illuminate/Pipeline/Pipeline.php(219): Illuminate/Http/Middleware/TrustProxies->handle(Object(Illuminate/Http/Request), Object(Closure))
#52 C:/laragon/www/APK_POS/vendor/laravel/framework/src/Illuminate/Foundation/Http/Middleware/InvokeDeferredCallbacks.php(22): Illuminate/Pipeline/Pipeline->{closure:{closure:Illuminate/Pipeline/Pipeline::carry():194}:195}(Object(Illuminate/Http/Request))
#53 C:/laragon/www/APK_POS/vendor/laravel/framework/src/Illuminate/Pipeline/Pipeline.php(219): Illuminate/Foundation/Http/Middleware/InvokeDeferredCallbacks->handle(Object(Illuminate/Http/Request), Object(Closure))
#54 C:/laragon/www/APK_POS/vendor/laravel/framework/src/Illuminate/Http/Middleware/ValidatePathEncoding.php(26): Illuminate/Pipeline/Pipeline->{closure:{closure:Illuminate/Pipeline/Pipeline::carry():194}:195}(Object(Illuminate/Http/Request))
#55 C:/laragon/www/APK_POS/vendor/laravel/framework/src/Illuminate/Pipeline/Pipeline.php(219): Illuminate/Http/Middleware/ValidatePathEncoding->handle(Object(Illuminate/Http/Request), Object(Closure))
#56 C:/laragon/www/APK_POS/vendor/laravel/framework/src/Illuminate/Pipeline/Pipeline.php(137): Illuminate/Pipeline/Pipeline->{closure:{closure:Illuminate/Pipeline/Pipeline::carry():194}:195}(Object(Illuminate/Http/Request))
#57 C:/laragon/www/APK_POS/vendor/laravel/framework/src/Illuminate/Foundation/Http/Kernel.php(175): Illuminate/Pipeline/Pipeline->then(Object(Closure))
#58 C:/laragon/www/APK_POS/vendor/laravel/framework/src/Illuminate/Foundation/Http/Kernel.php(144): Illuminate/Foundation/Http/Kernel->sendRequestThroughRouter(Object(Illuminate/Http/Request))
#59 C:/laragon/www/APK_POS/vendor/laravel/framework/src/Illuminate/Foundation/Application.php(1220): Illuminate/Foundation/Http/Kernel->handle(Object(Illuminate/Http/Request))
#60 C:/laragon/www/APK_POS/public/index.php(20): Illuminate/Foundation/Application->handleRequest(Object(Illuminate/Http/Request))
#61 C:/laragon/www/APK_POS/vendor/laravel/framework/src/Illuminate/Foundation/resources/server.php(23): require_once('C://laragon//www//...')
#62 {main}
"} 
[2026-08-03 04:40:18] local.ERROR: SQLSTATE[23000]: Integrity constraint violation: 1451 Cannot delete or update a parent row: a foreign key constraint fails (`pos_riski`.`item_penjualan`, CONSTRAINT `item_penjualan_produk_id_foreign` FOREIGN KEY (`produk_id`) REFERENCES `produk` (`id`)) (Connection: mysql, Host: 127.0.0.1, Port: 3306, Database: pos_riski, SQL: delete from `produk` where `id` = 2) {"userId":3,"exception":"[object] (Illuminate\\Database\\QueryException(code: 23000): SQLSTATE[23000]: Integrity constraint violation: 1451 Cannot delete or update a parent row: a foreign key constraint fails (`pos_riski`.`item_penjualan`, CONSTRAINT `item_penjualan_produk_id_foreign` FOREIGN KEY (`produk_id`) REFERENCES `produk` (`id`)) (Connection: mysql, Host: 127.0.0.1, Port: 3306, Database: pos_riski, SQL: delete from `produk` where `id` = 2) at C:/laragon/www/APK_POS/vendor/laravel/framework/src/Illuminate/Database/Connection.php:838)
[stacktrace]
#0 C:/laragon/www/APK_POS/vendor/laravel/framework/src/Illuminate/Database/Connection.php(794): Illuminate/Database/Connection->runQueryCallback('delete from `pr...', Array, Object(Closure))
#1 C:/laragon/www/APK_POS/vendor/laravel/framework/src/Illuminate/Database/Connection.php(597): Illuminate/Database/Connection->run('delete from `pr...', Array, Object(Closure))
#2 C:/laragon/www/APK_POS/vendor/laravel/framework/src/Illuminate/Database/Connection.php(561): Illuminate/Database/Connection->affectingStatement('delete from `pr...', Array)
#3 C:/laragon/www/APK_POS/vendor/laravel/framework/src/Illuminate/Database/Query/Builder.php(4289): Illuminate/Database/Connection->delete('delete from `pr...', Array)
#4 C:/laragon/www/APK_POS/vendor/laravel/framework/src/Illuminate/Database/Eloquent/Builder.php(1478): Illuminate/Database/Query/Builder->delete()
#5 C:/laragon/www/APK_POS/vendor/laravel/framework/src/Illuminate/Database/Eloquent/Model.php(1578): Illuminate/Database/Eloquent/Builder->delete()
#6 C:/laragon/www/APK_POS/vendor/laravel/framework/src/Illuminate/Database/Eloquent/Model.php(1510): Illuminate/Database/Eloquent/Model->performDeleteOnModel()
#7 C:/laragon/www/APK_POS/app/Http/Controllers/ProdukController.php(142): Illuminate/Database/Eloquent/Model->delete()
#8 C:/laragon/www/APK_POS/vendor/laravel/framework/src/Illuminate/Routing/Controller.php(54): App/Http/Controllers/ProdukController->destroy(Object(App/Models/Produk))
#9 C:/laragon/www/APK_POS/vendor/laravel/framework/src/Illuminate/Routing/ControllerDispatcher.php(43): Illuminate/Routing/Controller->callAction('destroy', Array)
#10 C:/laragon/www/APK_POS/vendor/laravel/framework/src/Illuminate/Routing/Route.php(265): Illuminate/Routing/ControllerDispatcher->dispatch(Object(Illuminate/Routing/Route), Object(App/Http/Controllers/ProdukController), 'destroy')
#11 C:/laragon/www/APK_POS/vendor/laravel/framework/src/Illuminate/Routing/Route.php(211): Illuminate/Routing/Route->runController()
#12 C:/laragon/www/APK_POS/vendor/laravel/framework/src/Illuminate/Routing/Router.php(822): Illuminate/Routing/Route->run()
#13 C:/laragon/www/APK_POS/vendor/laravel/framework/src/Illuminate/Pipeline/Pipeline.php(180): Illuminate/Routing/Router->{closure:Illuminate/Routing/Router::runRouteWithinStack():821}(Object(Illuminate/Http/Request))
#14 C:/laragon/www/APK_POS/app/Http/Middleware/RoleMiddleware.php(23): Illuminate/Pipeline/Pipeline->{closure:Illuminate/Pipeline/Pipeline::prepareDestination():178}(Object(Illuminate/Http/Request))
#15 C:/laragon/www/APK_POS/vendor/laravel/framework/src/Illuminate/Pipeline/Pipeline.php(219): App/Http/Middleware/RoleMiddleware->handle(Object(Illuminate/Http/Request), Object(Closure), 'admin', 'kasir')
#16 C:/laragon/www/APK_POS/vendor/laravel/framework/src/Illuminate/Routing/Middleware/SubstituteBindings.php(50): Illuminate/Pipeline/Pipeline->{closure:{closure:Illuminate/Pipeline/Pipeline::carry():194}:195}(Object(Illuminate/Http/Request))
#17 C:/laragon/www/APK_POS/vendor/laravel/framework/src/Illuminate/Pipeline/Pipeline.php(219): Illuminate/Routing/Middleware/SubstituteBindings->handle(Object(Illuminate/Http/Request), Object(Closure))
#18 C:/laragon/www/APK_POS/vendor/laravel/framework/src/Illuminate/Auth/Middleware/Authenticate.php(63): Illuminate/Pipeline/Pipeline->{closure:{closure:Illuminate/Pipeline/Pipeline::carry():194}:195}(Object(Illuminate/Http/Request))
#19 C:/laragon/www/APK_POS/vendor/laravel/framework/src/Illuminate/Pipeline/Pipeline.php(219): Illuminate/Auth/Middleware/Authenticate->handle(Object(Illuminate/Http/Request), Object(Closure))
#20 C:/laragon/www/APK_POS/vendor/laravel/framework/src/Illuminate/Foundation/Http/Middleware/VerifyCsrfToken.php(87): Illuminate/Pipeline/Pipeline->{closure:{closure:Illuminate/Pipeline/Pipeline::carry():194}:195}(Object(Illuminate/Http/Request))
#21 C:/laragon/www/APK_POS/vendor/laravel/framework/src/Illuminate/Pipeline/Pipeline.php(219): Illuminate/Foundation/Http/Middleware/VerifyCsrfToken->handle(Object(Illuminate/Http/Request), Object(Closure))
#22 C:/laragon/www/APK_POS/vendor/laravel/framework/src/Illuminate/View/Middleware/ShareErrorsFromSession.php(48): Illuminate/Pipeline/Pipeline->{closure:{closure:Illuminate/Pipeline/Pipeline::carry():194}:195}(Object(Illuminate/Http/Request))
#23 C:/laragon/www/APK_POS/vendor/laravel/framework/src/Illuminate/Pipeline/Pipeline.php(219): Illuminate/View/Middleware/ShareErrorsFromSession->handle(Object(Illuminate/Http/Request), Object(Closure))
#24 C:/laragon/www/APK_POS/vendor/laravel/framework/src/Illuminate/Session/Middleware/StartSession.php(120): Illuminate/Pipeline/Pipeline->{closure:{closure:Illuminate/Pipeline/Pipeline::carry():194}:195}(Object(Illuminate/Http/Request))
#25 C:/laragon/www/APK_POS/vendor/laravel/framework/src/Illuminate/Session/Middleware/StartSession.php(63): Illuminate/Session/Middleware/StartSession->handleStatefulRequest(Object(Illuminate/Http/Request), Object(Illuminate/Session/Store), Object(Closure))
#26 C:/laragon/www/APK_POS/vendor/laravel/framework/src/Illuminate/Pipeline/Pipeline.php(219): Illuminate/Session/Middleware/StartSession->handle(Object(Illuminate/Http/Request), Object(Closure))
#27 C:/laragon/www/APK_POS/vendor/laravel/framework/src/Illuminate/Cookie/Middleware/AddQueuedCookiesToResponse.php(36): Illuminate/Pipeline/Pipeline->{closure:{closure:Illuminate/Pipeline/Pipeline::carry():194}:195}(Object(Illuminate/Http/Request))
#28 C:/laragon/www/APK_POS/vendor/laravel/framework/src/Illuminate/Pipeline/Pipeline.php(219): Illuminate/Cookie/Middleware/AddQueuedCookiesToResponse->handle(Object(Illuminate/Http/Request), Object(Closure))
#29 C:/laragon/www/APK_POS/vendor/laravel/framework/src/Illuminate/Cookie/Middleware/EncryptCookies.php(74): Illuminate/Pipeline/Pipeline->{closure:{closure:Illuminate/Pipeline/Pipeline::carry():194}:195}(Object(Illuminate/Http/Request))
#30 C:/laragon/www/APK_POS/vendor/laravel/framework/src/Illuminate/Pipeline/Pipeline.php(219): Illuminate/Cookie/Middleware/EncryptCookies->handle(Object(Illuminate/Http/Request), Object(Closure))
#31 C:/laragon/www/APK_POS/vendor/laravel/framework/src/Illuminate/Pipeline/Pipeline.php(137): Illuminate/Pipeline/Pipeline->{closure:{closure:Illuminate/Pipeline/Pipeline::carry():194}:195}(Object(Illuminate/Http/Request))
#32 C:/laragon/www/APK_POS/vendor/laravel/framework/src/Illuminate/Routing/Router.php(821): Illuminate/Pipeline/Pipeline->then(Object(Closure))
#33 C:/laragon/www/APK_POS/vendor/laravel/framework/src/Illuminate/Routing/Router.php(800): Illuminate/Routing/Router->runRouteWithinStack(Object(Illuminate/Routing/Route), Object(Illuminate/Http/Request))
#34 C:/laragon/www/APK_POS/vendor/laravel/framework/src/Illuminate/Routing/Router.php(764): Illuminate/Routing/Router->runRoute(Object(Illuminate/Http/Request), Object(Illuminate/Routing/Route))
#35 C:/laragon/www/APK_POS/vendor/laravel/framework/src/Illuminate/Routing/Router.php(753): Illuminate/Routing/Router->dispatchToRoute(Object(Illuminate/Http/Request))
#36 C:/laragon/www/APK_POS/vendor/laravel/framework/src/Illuminate/Foundation/Http/Kernel.php(200): Illuminate/Routing/Router->dispatch(Object(Illuminate/Http/Request))
#37 C:/laragon/www/APK_POS/vendor/laravel/framework/src/Illuminate/Pipeline/Pipeline.php(180): Illuminate/Foundation/Http/Kernel->{closure:Illuminate/Foundation/Http/Kernel::dispatchToRouter():197}(Object(Illuminate/Http/Request))
#38 C:/laragon/www/APK_POS/vendor/laravel/framework/src/Illuminate/Foundation/Http/Middleware/TransformsRequest.php(21): Illuminate/Pipeline/Pipeline->{closure:Illuminate/Pipeline/Pipeline::prepareDestination():178}(Object(Illuminate/Http/Request))
#39 C:/laragon/www/APK_POS/vendor/laravel/framework/src/Illuminate/Foundation/Http/Middleware/ConvertEmptyStringsToNull.php(31): Illuminate/Foundation/Http/Middleware/TransformsRequest->handle(Object(Illuminate/Http/Request), Object(Closure))
#40 C:/laragon/www/APK_POS/vendor/laravel/framework/src/Illuminate/Pipeline/Pipeline.php(219): Illuminate/Foundation/Http/Middleware/ConvertEmptyStringsToNull->handle(Object(Illuminate/Http/Request), Object(Closure))
#41 C:/laragon/www/APK_POS/vendor/laravel/framework/src/Illuminate/Foundation/Http/Middleware/TransformsRequest.php(21): Illuminate/Pipeline/Pipeline->{closure:{closure:Illuminate/Pipeline/Pipeline::carry():194}:195}(Object(Illuminate/Http/Request))
#42 C:/laragon/www/APK_POS/vendor/laravel/framework/src/Illuminate/Foundation/Http/Middleware/TrimStrings.php(51): Illuminate/Foundation/Http/Middleware/TransformsRequest->handle(Object(Illuminate/Http/Request), Object(Closure))
#43 C:/laragon/www/APK_POS/vendor/laravel/framework/src/Illuminate/Pipeline/Pipeline.php(219): Illuminate/Foundation/Http/Middleware/TrimStrings->handle(Object(Illuminate/Http/Request), Object(Closure))
#44 C:/laragon/www/APK_POS/vendor/laravel/framework/src/Illuminate/Http/Middleware/ValidatePostSize.php(27): Illuminate/Pipeline/Pipeline->{closure:{closure:Illuminate/Pipeline/Pipeline::carry():194}:195}(Object(Illuminate/Http/Request))
#45 C:/laragon/www/APK_POS/vendor/laravel/framework/src/Illuminate/Pipeline/Pipeline.php(219): Illuminate/Http/Middleware/ValidatePostSize->handle(Object(Illuminate/Http/Request), Object(Closure))
#46 C:/laragon/www/APK_POS/vendor/laravel/framework/src/Illuminate/Foundation/Http/Middleware/PreventRequestsDuringMaintenance.php(109): Illuminate/Pipeline/Pipeline->{closure:{closure:Illuminate/Pipeline/Pipeline::carry():194}:195}(Object(Illuminate/Http/Request))
#47 C:/laragon/www/APK_POS/vendor/laravel/framework/src/Illuminate/Pipeline/Pipeline.php(219): Illuminate/Foundation/Http/Middleware/PreventRequestsDuringMaintenance->handle(Object(Illuminate/Http/Request), Object(Closure))
#48 C:/laragon/www/APK_POS/vendor/laravel/framework/src/Illuminate/Http/Middleware/HandleCors.php(48): Illuminate/Pipeline/Pipeline->{closure:{closure:Illuminate/Pipeline/Pipeline::carry():194}:195}(Object(Illuminate/Http/Request))
#49 C:/laragon/www/APK_POS/vendor/laravel/framework/src/Illuminate/Pipeline/Pipeline.php(219): Illuminate/Http/Middleware/HandleCors->handle(Object(Illuminate/Http/Request), Object(Closure))
#50 C:/laragon/www/APK_POS/vendor/laravel/framework/src/Illuminate/Http/Middleware/TrustProxies.php(58): Illuminate/Pipeline/Pipeline->{closure:{closure:Illuminate/Pipeline/Pipeline::carry():194}:195}(Object(Illuminate/Http/Request))
#51 C:/laragon/www/APK_POS/vendor/laravel/framework/src/Illuminate/Pipeline/Pipeline.php(219): Illuminate/Http/Middleware/TrustProxies->handle(Object(Illuminate/Http/Request), Object(Closure))
#52 C:/laragon/www/APK_POS/vendor/laravel/framework/src/Illuminate/Foundation/Http/Middleware/InvokeDeferredCallbacks.php(22): Illuminate/Pipeline/Pipeline->{closure:{closure:Illuminate/Pipeline/Pipeline::carry():194}:195}(Object(Illuminate/Http/Request))
#53 C:/laragon/www/APK_POS/vendor/laravel/framework/src/Illuminate/Pipeline/Pipeline.php(219): Illuminate/Foundation/Http/Middleware/InvokeDeferredCallbacks->handle(Object(Illuminate/Http/Request), Object(Closure))
#54 C:/laragon/www/APK_POS/vendor/laravel/framework/src/Illuminate/Http/Middleware/ValidatePathEncoding.php(26): Illuminate/Pipeline/Pipeline->{closure:{closure:Illuminate/Pipeline/Pipeline::carry():194}:195}(Object(Illuminate/Http/Request))
#55 C:/laragon/www/APK_POS/vendor/laravel/framework/src/Illuminate/Pipeline/Pipeline.php(219): Illuminate/Http/Middleware/ValidatePathEncoding->handle(Object(Illuminate/Http/Request), Object(Closure))
#56 C:/laragon/www/APK_POS/vendor/laravel/framework/src/Illuminate/Pipeline/Pipeline.php(137): Illuminate/Pipeline/Pipeline->{closure:{closure:Illuminate/Pipeline/Pipeline::carry():194}:195}(Object(Illuminate/Http/Request))
#57 C:/laragon/www/APK_POS/vendor/laravel/framework/src/Illuminate/Foundation/Http/Kernel.php(175): Illuminate/Pipeline/Pipeline->then(Object(Closure))
#58 C:/laragon/www/APK_POS/vendor/laravel/framework/src/Illuminate/Foundation/Http/Kernel.php(144): Illuminate/Foundation/Http/Kernel->sendRequestThroughRouter(Object(Illuminate/Http/Request))
#59 C:/laragon/www/APK_POS/vendor/laravel/framework/src/Illuminate/Foundation/Application.php(1220): Illuminate/Foundation/Http/Kernel->handle(Object(Illuminate/Http/Request))
#60 C:/laragon/www/APK_POS/public/index.php(20): Illuminate/Foundation/Application->handleRequest(Object(Illuminate/Http/Request))
#61 C:/laragon/www/APK_POS/vendor/laravel/framework/src/Illuminate/Foundation/resources/server.php(23): require_once('C://laragon//www//...')
#62 {main}

[previous exception] [object] (PDOException(code: 23000): SQLSTATE[23000]: Integrity constraint violation: 1451 Cannot delete or update a parent row: a foreign key constraint fails (`pos_riski`.`item_penjualan`, CONSTRAINT `item_penjualan_produk_id_foreign` FOREIGN KEY (`produk_id`) REFERENCES `produk` (`id`)) at C:/laragon/www/APK_POS/vendor/laravel/framework/src/Illuminate/Database/Connection.php:609)
[stacktrace]
#0 C:/laragon/www/APK_POS/vendor/laravel/framework/src/Illuminate/Database/Connection.php(609): PDOStatement->execute()
#1 C:/laragon/www/APK_POS/vendor/laravel/framework/src/Illuminate/Database/Connection.php(827): Illuminate/Database/Connection->{closure:Illuminate/Database/Connection::affectingStatement():597}('delete from `pr...', Array)
#2 C:/laragon/www/APK_POS/vendor/laravel/framework/src/Illuminate/Database/Connection.php(794): Illuminate/Database/Connection->runQueryCallback('delete from `pr...', Array, Object(Closure))
#3 C:/laragon/www/APK_POS/vendor/laravel/framework/src/Illuminate/Database/Connection.php(597): Illuminate/Database/Connection->run('delete from `pr...', Array, Object(Closure))
#4 C:/laragon/www/APK_POS/vendor/laravel/framework/src/Illuminate/Database/Connection.php(561): Illuminate/Database/Connection->affectingStatement('delete from `pr...', Array)
#5 C:/laragon/www/APK_POS/vendor/laravel/framework/src/Illuminate/Database/Query/Builder.php(4289): Illuminate/Database/Connection->delete('delete from `pr...', Array)
#6 C:/laragon/www/APK_POS/vendor/laravel/framework/src/Illuminate/Database/Eloquent/Builder.php(1478): Illuminate/Database/Query/Builder->delete()
#7 C:/laragon/www/APK_POS/vendor/laravel/framework/src/Illuminate/Database/Eloquent/Model.php(1578): Illuminate/Database/Eloquent/Builder->delete()
#8 C:/laragon/www/APK_POS/vendor/laravel/framework/src/Illuminate/Database/Eloquent/Model.php(1510): Illuminate/Database/Eloquent/Model->performDeleteOnModel()
#9 C:/laragon/www/APK_POS/app/Http/Controllers/ProdukController.php(142): Illuminate/Database/Eloquent/Model->delete()
#10 C:/laragon/www/APK_POS/vendor/laravel/framework/src/Illuminate/Routing/Controller.php(54): App/Http/Controllers/ProdukController->destroy(Object(App/Models/Produk))
#11 C:/laragon/www/APK_POS/vendor/laravel/framework/src/Illuminate/Routing/ControllerDispatcher.php(43): Illuminate/Routing/Controller->callAction('destroy', Array)
#12 C:/laragon/www/APK_POS/vendor/laravel/framework/src/Illuminate/Routing/Route.php(265): Illuminate/Routing/ControllerDispatcher->dispatch(Object(Illuminate/Routing/Route), Object(App/Http/Controllers/ProdukController), 'destroy')
#13 C:/laragon/www/APK_POS/vendor/laravel/framework/src/Illuminate/Routing/Route.php(211): Illuminate/Routing/Route->runController()
#14 C:/laragon/www/APK_POS/vendor/laravel/framework/src/Illuminate/Routing/Router.php(822): Illuminate/Routing/Route->run()
#15 C:/laragon/www/APK_POS/vendor/laravel/framework/src/Illuminate/Pipeline/Pipeline.php(180): Illuminate/Routing/Router->{closure:Illuminate/Routing/Router::runRouteWithinStack():821}(Object(Illuminate/Http/Request))
#16 C:/laragon/www/APK_POS/app/Http/Middleware/RoleMiddleware.php(23): Illuminate/Pipeline/Pipeline->{closure:Illuminate/Pipeline/Pipeline::prepareDestination():178}(Object(Illuminate/Http/Request))
#17 C:/laragon/www/APK_POS/vendor/laravel/framework/src/Illuminate/Pipeline/Pipeline.php(219): App/Http/Middleware/RoleMiddleware->handle(Object(Illuminate/Http/Request), Object(Closure), 'admin', 'kasir')
#18 C:/laragon/www/APK_POS/vendor/laravel/framework/src/Illuminate/Routing/Middleware/SubstituteBindings.php(50): Illuminate/Pipeline/Pipeline->{closure:{closure:Illuminate/Pipeline/Pipeline::carry():194}:195}(Object(Illuminate/Http/Request))
#19 C:/laragon/www/APK_POS/vendor/laravel/framework/src/Illuminate/Pipeline/Pipeline.php(219): Illuminate/Routing/Middleware/SubstituteBindings->handle(Object(Illuminate/Http/Request), Object(Closure))
#20 C:/laragon/www/APK_POS/vendor/laravel/framework/src/Illuminate/Auth/Middleware/Authenticate.php(63): Illuminate/Pipeline/Pipeline->{closure:{closure:Illuminate/Pipeline/Pipeline::carry():194}:195}(Object(Illuminate/Http/Request))
#21 C:/laragon/www/APK_POS/vendor/laravel/framework/src/Illuminate/Pipeline/Pipeline.php(219): Illuminate/Auth/Middleware/Authenticate->handle(Object(Illuminate/Http/Request), Object(Closure))
#22 C:/laragon/www/APK_POS/vendor/laravel/framework/src/Illuminate/Foundation/Http/Middleware/VerifyCsrfToken.php(87): Illuminate/Pipeline/Pipeline->{closure:{closure:Illuminate/Pipeline/Pipeline::carry():194}:195}(Object(Illuminate/Http/Request))
#23 C:/laragon/www/APK_POS/vendor/laravel/framework/src/Illuminate/Pipeline/Pipeline.php(219): Illuminate/Foundation/Http/Middleware/VerifyCsrfToken->handle(Object(Illuminate/Http/Request), Object(Closure))
#24 C:/laragon/www/APK_POS/vendor/laravel/framework/src/Illuminate/View/Middleware/ShareErrorsFromSession.php(48): Illuminate/Pipeline/Pipeline->{closure:{closure:Illuminate/Pipeline/Pipeline::carry():194}:195}(Object(Illuminate/Http/Request))
#25 C:/laragon/www/APK_POS/vendor/laravel/framework/src/Illuminate/Pipeline/Pipeline.php(219): Illuminate/View/Middleware/ShareErrorsFromSession->handle(Object(Illuminate/Http/Request), Object(Closure))
#26 C:/laragon/www/APK_POS/vendor/laravel/framework/src/Illuminate/Session/Middleware/StartSession.php(120): Illuminate/Pipeline/Pipeline->{closure:{closure:Illuminate/Pipeline/Pipeline::carry():194}:195}(Object(Illuminate/Http/Request))
#27 C:/laragon/www/APK_POS/vendor/laravel/framework/src/Illuminate/Session/Middleware/StartSession.php(63): Illuminate/Session/Middleware/StartSession->handleStatefulRequest(Object(Illuminate/Http/Request), Object(Illuminate/Session/Store), Object(Closure))
#28 C:/laragon/www/APK_POS/vendor/laravel/framework/src/Illuminate/Pipeline/Pipeline.php(219): Illuminate/Session/Middleware/StartSession->handle(Object(Illuminate/Http/Request), Object(Closure))
#29 C:/laragon/www/APK_POS/vendor/laravel/framework/src/Illuminate/Cookie/Middleware/AddQueuedCookiesToResponse.php(36): Illuminate/Pipeline/Pipeline->{closure:{closure:Illuminate/Pipeline/Pipeline::carry():194}:195}(Object(Illuminate/Http/Request))
#30 C:/laragon/www/APK_POS/vendor/laravel/framework/src/Illuminate/Pipeline/Pipeline.php(219): Illuminate/Cookie/Middleware/AddQueuedCookiesToResponse->handle(Object(Illuminate/Http/Request), Object(Closure))
#31 C:/laragon/www/APK_POS/vendor/laravel/framework/src/Illuminate/Cookie/Middleware/EncryptCookies.php(74): Illuminate/Pipeline/Pipeline->{closure:{closure:Illuminate/Pipeline/Pipeline::carry():194}:195}(Object(Illuminate/Http/Request))
#32 C:/laragon/www/APK_POS/vendor/laravel/framework/src/Illuminate/Pipeline/Pipeline.php(219): Illuminate/Cookie/Middleware/EncryptCookies->handle(Object(Illuminate/Http/Request), Object(Closure))
#33 C:/laragon/www/APK_POS/vendor/laravel/framework/src/Illuminate/Pipeline/Pipeline.php(137): Illuminate/Pipeline/Pipeline->{closure:{closure:Illuminate/Pipeline/Pipeline::carry():194}:195}(Object(Illuminate/Http/Request))
#34 C:/laragon/www/APK_POS/vendor/laravel/framework/src/Illuminate/Routing/Router.php(821): Illuminate/Pipeline/Pipeline->then(Object(Closure))
#35 C:/laragon/www/APK_POS/vendor/laravel/framework/src/Illuminate/Routing/Router.php(800): Illuminate/Routing/Router->runRouteWithinStack(Object(Illuminate/Routing/Route), Object(Illuminate/Http/Request))
#36 C:/laragon/www/APK_POS/vendor/laravel/framework/src/Illuminate/Routing/Router.php(764): Illuminate/Routing/Router->runRoute(Object(Illuminate/Http/Request), Object(Illuminate/Routing/Route))
#37 C:/laragon/www/APK_POS/vendor/laravel/framework/src/Illuminate/Routing/Router.php(753): Illuminate/Routing/Router->dispatchToRoute(Object(Illuminate/Http/Request))
#38 C:/laragon/www/APK_POS/vendor/laravel/framework/src/Illuminate/Foundation/Http/Kernel.php(200): Illuminate/Routing/Router->dispatch(Object(Illuminate/Http/Request))
#39 C:/laragon/www/APK_POS/vendor/laravel/framework/src/Illuminate/Pipeline/Pipeline.php(180): Illuminate/Foundation/Http/Kernel->{closure:Illuminate/Foundation/Http/Kernel::dispatchToRouter():197}(Object(Illuminate/Http/Request))
#40 C:/laragon/www/APK_POS/vendor/laravel/framework/src/Illuminate/Foundation/Http/Middleware/TransformsRequest.php(21): Illuminate/Pipeline/Pipeline->{closure:Illuminate/Pipeline/Pipeline::prepareDestination():178}(Object(Illuminate/Http/Request))
#41 C:/laragon/www/APK_POS/vendor/laravel/framework/src/Illuminate/Foundation/Http/Middleware/ConvertEmptyStringsToNull.php(31): Illuminate/Foundation/Http/Middleware/TransformsRequest->handle(Object(Illuminate/Http/Request), Object(Closure))
#42 C:/laragon/www/APK_POS/vendor/laravel/framework/src/Illuminate/Pipeline/Pipeline.php(219): Illuminate/Foundation/Http/Middleware/ConvertEmptyStringsToNull->handle(Object(Illuminate/Http/Request), Object(Closure))
#43 C:/laragon/www/APK_POS/vendor/laravel/framework/src/Illuminate/Foundation/Http/Middleware/TransformsRequest.php(21): Illuminate/Pipeline/Pipeline->{closure:{closure:Illuminate/Pipeline/Pipeline::carry():194}:195}(Object(Illuminate/Http/Request))
#44 C:/laragon/www/APK_POS/vendor/laravel/framework/src/Illuminate/Foundation/Http/Middleware/TrimStrings.php(51): Illuminate/Foundation/Http/Middleware/TransformsRequest->handle(Object(Illuminate/Http/Request), Object(Closure))
#45 C:/laragon/www/APK_POS/vendor/laravel/framework/src/Illuminate/Pipeline/Pipeline.php(219): Illuminate/Foundation/Http/Middleware/TrimStrings->handle(Object(Illuminate/Http/Request), Object(Closure))
#46 C:/laragon/www/APK_POS/vendor/laravel/framework/src/Illuminate/Http/Middleware/ValidatePostSize.php(27): Illuminate/Pipeline/Pipeline->{closure:{closure:Illuminate/Pipeline/Pipeline::carry():194}:195}(Object(Illuminate/Http/Request))
#47 C:/laragon/www/APK_POS/vendor/laravel/framework/src/Illuminate/Pipeline/Pipeline.php(219): Illuminate/Http/Middleware/ValidatePostSize->handle(Object(Illuminate/Http/Request), Object(Closure))
#48 C:/laragon/www/APK_POS/vendor/laravel/framework/src/Illuminate/Foundation/Http/Middleware/PreventRequestsDuringMaintenance.php(109): Illuminate/Pipeline/Pipeline->{closure:{closure:Illuminate/Pipeline/Pipeline::carry():194}:195}(Object(Illuminate/Http/Request))
#49 C:/laragon/www/APK_POS/vendor/laravel/framework/src/Illuminate/Pipeline/Pipeline.php(219): Illuminate/Foundation/Http/Middleware/PreventRequestsDuringMaintenance->handle(Object(Illuminate/Http/Request), Object(Closure))
#50 C:/laragon/www/APK_POS/vendor/laravel/framework/src/Illuminate/Http/Middleware/HandleCors.php(48): Illuminate/Pipeline/Pipeline->{closure:{closure:Illuminate/Pipeline/Pipeline::carry():194}:195}(Object(Illuminate/Http/Request))
#51 C:/laragon/www/APK_POS/vendor/laravel/framework/src/Illuminate/Pipeline/Pipeline.php(219): Illuminate/Http/Middleware/HandleCors->handle(Object(Illuminate/Http/Request), Object(Closure))
#52 C:/laragon/www/APK_POS/vendor/laravel/framework/src/Illuminate/Http/Middleware/TrustProxies.php(58): Illuminate/Pipeline/Pipeline->{closure:{closure:Illuminate/Pipeline/Pipeline::carry():194}:195}(Object(Illuminate/Http/Request))
#53 C:/laragon/www/APK_POS/vendor/laravel/framework/src/Illuminate/Pipeline/Pipeline.php(219): Illuminate/Http/Middleware/TrustProxies->handle(Object(Illuminate/Http/Request), Object(Closure))
#54 C:/laragon/www/APK_POS/vendor/laravel/framework/src/Illuminate/Foundation/Http/Middleware/InvokeDeferredCallbacks.php(22): Illuminate/Pipeline/Pipeline->{closure:{closure:Illuminate/Pipeline/Pipeline::carry():194}:195}(Object(Illuminate/Http/Request))
#55 C:/laragon/www/APK_POS/vendor/laravel/framework/src/Illuminate/Pipeline/Pipeline.php(219): Illuminate/Foundation/Http/Middleware/InvokeDeferredCallbacks->handle(Object(Illuminate/Http/Request), Object(Closure))
#56 C:/laragon/www/APK_POS/vendor/laravel/framework/src/Illuminate/Http/Middleware/ValidatePathEncoding.php(26): Illuminate/Pipeline/Pipeline->{closure:{closure:Illuminate/Pipeline/Pipeline::carry():194}:195}(Object(Illuminate/Http/Request))
#57 C:/laragon/www/APK_POS/vendor/laravel/framework/src/Illuminate/Pipeline/Pipeline.php(219): Illuminate/Http/Middleware/ValidatePathEncoding->handle(Object(Illuminate/Http/Request), Object(Closure))
#58 C:/laragon/www/APK_POS/vendor/laravel/framework/src/Illuminate/Pipeline/Pipeline.php(137): Illuminate/Pipeline/Pipeline->{closure:{closure:Illuminate/Pipeline/Pipeline::carry():194}:195}(Object(Illuminate/Http/Request))
#59 C:/laragon/www/APK_POS/vendor/laravel/framework/src/Illuminate/Foundation/Http/Kernel.php(175): Illuminate/Pipeline/Pipeline->then(Object(Closure))
#60 C:/laragon/www/APK_POS/vendor/laravel/framework/src/Illuminate/Foundation/Http/Kernel.php(144): Illuminate/Foundation/Http/Kernel->sendRequestThroughRouter(Object(Illuminate/Http/Request))
#61 C:/laragon/www/APK_POS/vendor/laravel/framework/src/Illuminate/Foundation/Application.php(1220): Illuminate/Foundation/Http/Kernel->handle(Object(Illuminate/Http/Request))
#62 C:/laragon/www/APK_POS/public/index.php(20): Illuminate/Foundation/Application->handleRequest(Object(Illuminate/Http/Request))
#63 C:/laragon/www/APK_POS/vendor/laravel/framework/src/Illuminate/Foundation/resources/server.php(23): require_once('C://laragon//www//...')
#64 {main}
"} 
[2026-08-03 04:41:42] local.ERROR: SQLSTATE[23000]: Integrity constraint violation: 1451 Cannot delete or update a parent row: a foreign key constraint fails (`pos_riski`.`item_penjualan`, CONSTRAINT `item_penjualan_produk_id_foreign` FOREIGN KEY (`produk_id`) REFERENCES `produk` (`id`)) (Connection: mysql, Host: 127.0.0.1, Port: 3306, Database: pos_riski, SQL: delete from `produk` where `id` = 3) {"userId":3,"exception":"[object] (Illuminate\\Database\\QueryException(code: 23000): SQLSTATE[23000]: Integrity constraint violation: 1451 Cannot delete or update a parent row: a foreign key constraint fails (`pos_riski`.`item_penjualan`, CONSTRAINT `item_penjualan_produk_id_foreign` FOREIGN KEY (`produk_id`) REFERENCES `produk` (`id`)) (Connection: mysql, Host: 127.0.0.1, Port: 3306, Database: pos_riski, SQL: delete from `produk` where `id` = 3) at C:/laragon/www/APK_POS/vendor/laravel/framework/src/Illuminate/Database/Connection.php:838)
[stacktrace]
#0 C:/laragon/www/APK_POS/vendor/laravel/framework/src/Illuminate/Database/Connection.php(794): Illuminate/Database/Connection->runQueryCallback('delete from `pr...', Array, Object(Closure))
#1 C:/laragon/www/APK_POS/vendor/laravel/framework/src/Illuminate/Database/Connection.php(597): Illuminate/Database/Connection->run('delete from `pr...', Array, Object(Closure))
#2 C:/laragon/www/APK_POS/vendor/laravel/framework/src/Illuminate/Database/Connection.php(561): Illuminate/Database/Connection->affectingStatement('delete from `pr...', Array)
#3 C:/laragon/www/APK_POS/vendor/laravel/framework/src/Illuminate/Database/Query/Builder.php(4289): Illuminate/Database/Connection->delete('delete from `pr...', Array)
#4 C:/laragon/www/APK_POS/vendor/laravel/framework/src/Illuminate/Database/Eloquent/Builder.php(1478): Illuminate/Database/Query/Builder->delete()
#5 C:/laragon/www/APK_POS/vendor/laravel/framework/src/Illuminate/Database/Eloquent/Model.php(1578): Illuminate/Database/Eloquent/Builder->delete()
#6 C:/laragon/www/APK_POS/vendor/laravel/framework/src/Illuminate/Database/Eloquent/Model.php(1510): Illuminate/Database/Eloquent/Model->performDeleteOnModel()
#7 C:/laragon/www/APK_POS/app/Http/Controllers/ProdukController.php(142): Illuminate/Database/Eloquent/Model->delete()
#8 C:/laragon/www/APK_POS/vendor/laravel/framework/src/Illuminate/Routing/Controller.php(54): App/Http/Controllers/ProdukController->destroy(Object(App/Models/Produk))
#9 C:/laragon/www/APK_POS/vendor/laravel/framework/src/Illuminate/Routing/ControllerDispatcher.php(43): Illuminate/Routing/Controller->callAction('destroy', Array)
#10 C:/laragon/www/APK_POS/vendor/laravel/framework/src/Illuminate/Routing/Route.php(265): Illuminate/Routing/ControllerDispatcher->dispatch(Object(Illuminate/Routing/Route), Object(App/Http/Controllers/ProdukController), 'destroy')
#11 C:/laragon/www/APK_POS/vendor/laravel/framework/src/Illuminate/Routing/Route.php(211): Illuminate/Routing/Route->runController()
#12 C:/laragon/www/APK_POS/vendor/laravel/framework/src/Illuminate/Routing/Router.php(822): Illuminate/Routing/Route->run()
#13 C:/laragon/www/APK_POS/vendor/laravel/framework/src/Illuminate/Pipeline/Pipeline.php(180): Illuminate/Routing/Router->{closure:Illuminate/Routing/Router::runRouteWithinStack():821}(Object(Illuminate/Http/Request))
#14 C:/laragon/www/APK_POS/app/Http/Middleware/RoleMiddleware.php(23): Illuminate/Pipeline/Pipeline->{closure:Illuminate/Pipeline/Pipeline::prepareDestination():178}(Object(Illuminate/Http/Request))
#15 C:/laragon/www/APK_POS/vendor/laravel/framework/src/Illuminate/Pipeline/Pipeline.php(219): App/Http/Middleware/RoleMiddleware->handle(Object(Illuminate/Http/Request), Object(Closure), 'admin', 'kasir')
#16 C:/laragon/www/APK_POS/vendor/laravel/framework/src/Illuminate/Routing/Middleware/SubstituteBindings.php(50): Illuminate/Pipeline/Pipeline->{closure:{closure:Illuminate/Pipeline/Pipeline::carry():194}:195}(Object(Illuminate/Http/Request))
#17 C:/laragon/www/APK_POS/vendor/laravel/framework/src/Illuminate/Pipeline/Pipeline.php(219): Illuminate/Routing/Middleware/SubstituteBindings->handle(Object(Illuminate/Http/Request), Object(Closure))
#18 C:/laragon/www/APK_POS/vendor/laravel/framework/src/Illuminate/Auth/Middleware/Authenticate.php(63): Illuminate/Pipeline/Pipeline->{closure:{closure:Illuminate/Pipeline/Pipeline::carry():194}:195}(Object(Illuminate/Http/Request))
#19 C:/laragon/www/APK_POS/vendor/laravel/framework/src/Illuminate/Pipeline/Pipeline.php(219): Illuminate/Auth/Middleware/Authenticate->handle(Object(Illuminate/Http/Request), Object(Closure))
#20 C:/laragon/www/APK_POS/vendor/laravel/framework/src/Illuminate/Foundation/Http/Middleware/VerifyCsrfToken.php(87): Illuminate/Pipeline/Pipeline->{closure:{closure:Illuminate/Pipeline/Pipeline::carry():194}:195}(Object(Illuminate/Http/Request))
#21 C:/laragon/www/APK_POS/vendor/laravel/framework/src/Illuminate/Pipeline/Pipeline.php(219): Illuminate/Foundation/Http/Middleware/VerifyCsrfToken->handle(Object(Illuminate/Http/Request), Object(Closure))
#22 C:/laragon/www/APK_POS/vendor/laravel/framework/src/Illuminate/View/Middleware/ShareErrorsFromSession.php(48): Illuminate/Pipeline/Pipeline->{closure:{closure:Illuminate/Pipeline/Pipeline::carry():194}:195}(Object(Illuminate/Http/Request))
#23 C:/laragon/www/APK_POS/vendor/laravel/framework/src/Illuminate/Pipeline/Pipeline.php(219): Illuminate/View/Middleware/ShareErrorsFromSession->handle(Object(Illuminate/Http/Request), Object(Closure))
#24 C:/laragon/www/APK_POS/vendor/laravel/framework/src/Illuminate/Session/Middleware/StartSession.php(120): Illuminate/Pipeline/Pipeline->{closure:{closure:Illuminate/Pipeline/Pipeline::carry():194}:195}(Object(Illuminate/Http/Request))
#25 C:/laragon/www/APK_POS/vendor/laravel/framework/src/Illuminate/Session/Middleware/StartSession.php(63): Illuminate/Session/Middleware/StartSession->handleStatefulRequest(Object(Illuminate/Http/Request), Object(Illuminate/Session/Store), Object(Closure))
#26 C:/laragon/www/APK_POS/vendor/laravel/framework/src/Illuminate/Pipeline/Pipeline.php(219): Illuminate/Session/Middleware/StartSession->handle(Object(Illuminate/Http/Request), Object(Closure))
#27 C:/laragon/www/APK_POS/vendor/laravel/framework/src/Illuminate/Cookie/Middleware/AddQueuedCookiesToResponse.php(36): Illuminate/Pipeline/Pipeline->{closure:{closure:Illuminate/Pipeline/Pipeline::carry():194}:195}(Object(Illuminate/Http/Request))
#28 C:/laragon/www/APK_POS/vendor/laravel/framework/src/Illuminate/Pipeline/Pipeline.php(219): Illuminate/Cookie/Middleware/AddQueuedCookiesToResponse->handle(Object(Illuminate/Http/Request), Object(Closure))
#29 C:/laragon/www/APK_POS/vendor/laravel/framework/src/Illuminate/Cookie/Middleware/EncryptCookies.php(74): Illuminate/Pipeline/Pipeline->{closure:{closure:Illuminate/Pipeline/Pipeline::carry():194}:195}(Object(Illuminate/Http/Request))
#30 C:/laragon/www/APK_POS/vendor/laravel/framework/src/Illuminate/Pipeline/Pipeline.php(219): Illuminate/Cookie/Middleware/EncryptCookies->handle(Object(Illuminate/Http/Request), Object(Closure))
#31 C:/laragon/www/APK_POS/vendor/laravel/framework/src/Illuminate/Pipeline/Pipeline.php(137): Illuminate/Pipeline/Pipeline->{closure:{closure:Illuminate/Pipeline/Pipeline::carry():194}:195}(Object(Illuminate/Http/Request))
#32 C:/laragon/www/APK_POS/vendor/laravel/framework/src/Illuminate/Routing/Router.php(821): Illuminate/Pipeline/Pipeline->then(Object(Closure))
#33 C:/laragon/www/APK_POS/vendor/laravel/framework/src/Illuminate/Routing/Router.php(800): Illuminate/Routing/Router->runRouteWithinStack(Object(Illuminate/Routing/Route), Object(Illuminate/Http/Request))
#34 C:/laragon/www/APK_POS/vendor/laravel/framework/src/Illuminate/Routing/Router.php(764): Illuminate/Routing/Router->runRoute(Object(Illuminate/Http/Request), Object(Illuminate/Routing/Route))
#35 C:/laragon/www/APK_POS/vendor/laravel/framework/src/Illuminate/Routing/Router.php(753): Illuminate/Routing/Router->dispatchToRoute(Object(Illuminate/Http/Request))
#36 C:/laragon/www/APK_POS/vendor/laravel/framework/src/Illuminate/Foundation/Http/Kernel.php(200): Illuminate/Routing/Router->dispatch(Object(Illuminate/Http/Request))
#37 C:/laragon/www/APK_POS/vendor/laravel/framework/src/Illuminate/Pipeline/Pipeline.php(180): Illuminate/Foundation/Http/Kernel->{closure:Illuminate/Foundation/Http/Kernel::dispatchToRouter():197}(Object(Illuminate/Http/Request))
#38 C:/laragon/www/APK_POS/vendor/laravel/framework/src/Illuminate/Foundation/Http/Middleware/TransformsRequest.php(21): Illuminate/Pipeline/Pipeline->{closure:Illuminate/Pipeline/Pipeline::prepareDestination():178}(Object(Illuminate/Http/Request))
#39 C:/laragon/www/APK_POS/vendor/laravel/framework/src/Illuminate/Foundation/Http/Middleware/ConvertEmptyStringsToNull.php(31): Illuminate/Foundation/Http/Middleware/TransformsRequest->handle(Object(Illuminate/Http/Request), Object(Closure))
#40 C:/laragon/www/APK_POS/vendor/laravel/framework/src/Illuminate/Pipeline/Pipeline.php(219): Illuminate/Foundation/Http/Middleware/ConvertEmptyStringsToNull->handle(Object(Illuminate/Http/Request), Object(Closure))
#41 C:/laragon/www/APK_POS/vendor/laravel/framework/src/Illuminate/Foundation/Http/Middleware/TransformsRequest.php(21): Illuminate/Pipeline/Pipeline->{closure:{closure:Illuminate/Pipeline/Pipeline::carry():194}:195}(Object(Illuminate/Http/Request))
#42 C:/laragon/www/APK_POS/vendor/laravel/framework/src/Illuminate/Foundation/Http/Middleware/TrimStrings.php(51): Illuminate/Foundation/Http/Middleware/TransformsRequest->handle(Object(Illuminate/Http/Request), Object(Closure))
#43 C:/laragon/www/APK_POS/vendor/laravel/framework/src/Illuminate/Pipeline/Pipeline.php(219): Illuminate/Foundation/Http/Middleware/TrimStrings->handle(Object(Illuminate/Http/Request), Object(Closure))
#44 C:/laragon/www/APK_POS/vendor/laravel/framework/src/Illuminate/Http/Middleware/ValidatePostSize.php(27): Illuminate/Pipeline/Pipeline->{closure:{closure:Illuminate/Pipeline/Pipeline::carry():194}:195}(Object(Illuminate/Http/Request))
#45 C:/laragon/www/APK_POS/vendor/laravel/framework/src/Illuminate/Pipeline/Pipeline.php(219): Illuminate/Http/Middleware/ValidatePostSize->handle(Object(Illuminate/Http/Request), Object(Closure))
#46 C:/laragon/www/APK_POS/vendor/laravel/framework/src/Illuminate/Foundation/Http/Middleware/PreventRequestsDuringMaintenance.php(109): Illuminate/Pipeline/Pipeline->{closure:{closure:Illuminate/Pipeline/Pipeline::carry():194}:195}(Object(Illuminate/Http/Request))
#47 C:/laragon/www/APK_POS/vendor/laravel/framework/src/Illuminate/Pipeline/Pipeline.php(219): Illuminate/Foundation/Http/Middleware/PreventRequestsDuringMaintenance->handle(Object(Illuminate/Http/Request), Object(Closure))
#48 C:/laragon/www/APK_POS/vendor/laravel/framework/src/Illuminate/Http/Middleware/HandleCors.php(48): Illuminate/Pipeline/Pipeline->{closure:{closure:Illuminate/Pipeline/Pipeline::carry():194}:195}(Object(Illuminate/Http/Request))
#49 C:/laragon/www/APK_POS/vendor/laravel/framework/src/Illuminate/Pipeline/Pipeline.php(219): Illuminate/Http/Middleware/HandleCors->handle(Object(Illuminate/Http/Request), Object(Closure))
#50 C:/laragon/www/APK_POS/vendor/laravel/framework/src/Illuminate/Http/Middleware/TrustProxies.php(58): Illuminate/Pipeline/Pipeline->{closure:{closure:Illuminate/Pipeline/Pipeline::carry():194}:195}(Object(Illuminate/Http/Request))
#51 C:/laragon/www/APK_POS/vendor/laravel/framework/src/Illuminate/Pipeline/Pipeline.php(219): Illuminate/Http/Middleware/TrustProxies->handle(Object(Illuminate/Http/Request), Object(Closure))
#52 C:/laragon/www/APK_POS/vendor/laravel/framework/src/Illuminate/Foundation/Http/Middleware/InvokeDeferredCallbacks.php(22): Illuminate/Pipeline/Pipeline->{closure:{closure:Illuminate/Pipeline/Pipeline::carry():194}:195}(Object(Illuminate/Http/Request))
#53 C:/laragon/www/APK_POS/vendor/laravel/framework/src/Illuminate/Pipeline/Pipeline.php(219): Illuminate/Foundation/Http/Middleware/InvokeDeferredCallbacks->handle(Object(Illuminate/Http/Request), Object(Closure))
#54 C:/laragon/www/APK_POS/vendor/laravel/framework/src/Illuminate/Http/Middleware/ValidatePathEncoding.php(26): Illuminate/Pipeline/Pipeline->{closure:{closure:Illuminate/Pipeline/Pipeline::carry():194}:195}(Object(Illuminate/Http/Request))
#55 C:/laragon/www/APK_POS/vendor/laravel/framework/src/Illuminate/Pipeline/Pipeline.php(219): Illuminate/Http/Middleware/ValidatePathEncoding->handle(Object(Illuminate/Http/Request), Object(Closure))
#56 C:/laragon/www/APK_POS/vendor/laravel/framework/src/Illuminate/Pipeline/Pipeline.php(137): Illuminate/Pipeline/Pipeline->{closure:{closure:Illuminate/Pipeline/Pipeline::carry():194}:195}(Object(Illuminate/Http/Request))
#57 C:/laragon/www/APK_POS/vendor/laravel/framework/src/Illuminate/Foundation/Http/Kernel.php(175): Illuminate/Pipeline/Pipeline->then(Object(Closure))
#58 C:/laragon/www/APK_POS/vendor/laravel/framework/src/Illuminate/Foundation/Http/Kernel.php(144): Illuminate/Foundation/Http/Kernel->sendRequestThroughRouter(Object(Illuminate/Http/Request))
#59 C:/laragon/www/APK_POS/vendor/laravel/framework/src/Illuminate/Foundation/Application.php(1220): Illuminate/Foundation/Http/Kernel->handle(Object(Illuminate/Http/Request))
#60 C:/laragon/www/APK_POS/public/index.php(20): Illuminate/Foundation/Application->handleRequest(Object(Illuminate/Http/Request))
#61 C:/laragon/www/APK_POS/vendor/laravel/framework/src/Illuminate/Foundation/resources/server.php(23): require_once('C://laragon//www//...')
#62 {main}

[previous exception] [object] (PDOException(code: 23000): SQLSTATE[23000]: Integrity constraint violation: 1451 Cannot delete or update a parent row: a foreign key constraint fails (`pos_riski`.`item_penjualan`, CONSTRAINT `item_penjualan_produk_id_foreign` FOREIGN KEY (`produk_id`) REFERENCES `produk` (`id`)) at C:/laragon/www/APK_POS/vendor/laravel/framework/src/Illuminate/Database/Connection.php:609)
[stacktrace]
#0 C:/laragon/www/APK_POS/vendor/laravel/framework/src/Illuminate/Database/Connection.php(609): PDOStatement->execute()
#1 C:/laragon/www/APK_POS/vendor/laravel/framework/src/Illuminate/Database/Connection.php(827): Illuminate/Database/Connection->{closure:Illuminate/Database/Connection::affectingStatement():597}('delete from `pr...', Array)
#2 C:/laragon/www/APK_POS/vendor/laravel/framework/src/Illuminate/Database/Connection.php(794): Illuminate/Database/Connection->runQueryCallback('delete from `pr...', Array, Object(Closure))
#3 C:/laragon/www/APK_POS/vendor/laravel/framework/src/Illuminate/Database/Connection.php(597): Illuminate/Database/Connection->run('delete from `pr...', Array, Object(Closure))
#4 C:/laragon/www/APK_POS/vendor/laravel/framework/src/Illuminate/Database/Connection.php(561): Illuminate/Database/Connection->affectingStatement('delete from `pr...', Array)
#5 C:/laragon/www/APK_POS/vendor/laravel/framework/src/Illuminate/Database/Query/Builder.php(4289): Illuminate/Database/Connection->delete('delete from `pr...', Array)
#6 C:/laragon/www/APK_POS/vendor/laravel/framework/src/Illuminate/Database/Eloquent/Builder.php(1478): Illuminate/Database/Query/Builder->delete()
#7 C:/laragon/www/APK_POS/vendor/laravel/framework/src/Illuminate/Database/Eloquent/Model.php(1578): Illuminate/Database/Eloquent/Builder->delete()
#8 C:/laragon/www/APK_POS/vendor/laravel/framework/src/Illuminate/Database/Eloquent/Model.php(1510): Illuminate/Database/Eloquent/Model->performDeleteOnModel()
#9 C:/laragon/www/APK_POS/app/Http/Controllers/ProdukController.php(142): Illuminate/Database/Eloquent/Model->delete()
#10 C:/laragon/www/APK_POS/vendor/laravel/framework/src/Illuminate/Routing/Controller.php(54): App/Http/Controllers/ProdukController->destroy(Object(App/Models/Produk))
#11 C:/laragon/www/APK_POS/vendor/laravel/framework/src/Illuminate/Routing/ControllerDispatcher.php(43): Illuminate/Routing/Controller->callAction('destroy', Array)
#12 C:/laragon/www/APK_POS/vendor/laravel/framework/src/Illuminate/Routing/Route.php(265): Illuminate/Routing/ControllerDispatcher->dispatch(Object(Illuminate/Routing/Route), Object(App/Http/Controllers/ProdukController), 'destroy')
#13 C:/laragon/www/APK_POS/vendor/laravel/framework/src/Illuminate/Routing/Route.php(211): Illuminate/Routing/Route->runController()
#14 C:/laragon/www/APK_POS/vendor/laravel/framework/src/Illuminate/Routing/Router.php(822): Illuminate/Routing/Route->run()
#15 C:/laragon/www/APK_POS/vendor/laravel/framework/src/Illuminate/Pipeline/Pipeline.php(180): Illuminate/Routing/Router->{closure:Illuminate/Routing/Router::runRouteWithinStack():821}(Object(Illuminate/Http/Request))
#16 C:/laragon/www/APK_POS/app/Http/Middleware/RoleMiddleware.php(23): Illuminate/Pipeline/Pipeline->{closure:Illuminate/Pipeline/Pipeline::prepareDestination():178}(Object(Illuminate/Http/Request))
#17 C:/laragon/www/APK_POS/vendor/laravel/framework/src/Illuminate/Pipeline/Pipeline.php(219): App/Http/Middleware/RoleMiddleware->handle(Object(Illuminate/Http/Request), Object(Closure), 'admin', 'kasir')
#18 C:/laragon/www/APK_POS/vendor/laravel/framework/src/Illuminate/Routing/Middleware/SubstituteBindings.php(50): Illuminate/Pipeline/Pipeline->{closure:{closure:Illuminate/Pipeline/Pipeline::carry():194}:195}(Object(Illuminate/Http/Request))
#19 C:/laragon/www/APK_POS/vendor/laravel/framework/src/Illuminate/Pipeline/Pipeline.php(219): Illuminate/Routing/Middleware/SubstituteBindings->handle(Object(Illuminate/Http/Request), Object(Closure))
#20 C:/laragon/www/APK_POS/vendor/laravel/framework/src/Illuminate/Auth/Middleware/Authenticate.php(63): Illuminate/Pipeline/Pipeline->{closure:{closure:Illuminate/Pipeline/Pipeline::carry():194}:195}(Object(Illuminate/Http/Request))
#21 C:/laragon/www/APK_POS/vendor/laravel/framework/src/Illuminate/Pipeline/Pipeline.php(219): Illuminate/Auth/Middleware/Authenticate->handle(Object(Illuminate/Http/Request), Object(Closure))
#22 C:/laragon/www/APK_POS/vendor/laravel/framework/src/Illuminate/Foundation/Http/Middleware/VerifyCsrfToken.php(87): Illuminate/Pipeline/Pipeline->{closure:{closure:Illuminate/Pipeline/Pipeline::carry():194}:195}(Object(Illuminate/Http/Request))
#23 C:/laragon/www/APK_POS/vendor/laravel/framework/src/Illuminate/Pipeline/Pipeline.php(219): Illuminate/Foundation/Http/Middleware/VerifyCsrfToken->handle(Object(Illuminate/Http/Request), Object(Closure))
#24 C:/laragon/www/APK_POS/vendor/laravel/framework/src/Illuminate/View/Middleware/ShareErrorsFromSession.php(48): Illuminate/Pipeline/Pipeline->{closure:{closure:Illuminate/Pipeline/Pipeline::carry():194}:195}(Object(Illuminate/Http/Request))
#25 C:/laragon/www/APK_POS/vendor/laravel/framework/src/Illuminate/Pipeline/Pipeline.php(219): Illuminate/View/Middleware/ShareErrorsFromSession->handle(Object(Illuminate/Http/Request), Object(Closure))
#26 C:/laragon/www/APK_POS/vendor/laravel/framework/src/Illuminate/Session/Middleware/StartSession.php(120): Illuminate/Pipeline/Pipeline->{closure:{closure:Illuminate/Pipeline/Pipeline::carry():194}:195}(Object(Illuminate/Http/Request))
#27 C:/laragon/www/APK_POS/vendor/laravel/framework/src/Illuminate/Session/Middleware/StartSession.php(63): Illuminate/Session/Middleware/StartSession->handleStatefulRequest(Object(Illuminate/Http/Request), Object(Illuminate/Session/Store), Object(Closure))
#28 C:/laragon/www/APK_POS/vendor/laravel/framework/src/Illuminate/Pipeline/Pipeline.php(219): Illuminate/Session/Middleware/StartSession->handle(Object(Illuminate/Http/Request), Object(Closure))
#29 C:/laragon/www/APK_POS/vendor/laravel/framework/src/Illuminate/Cookie/Middleware/AddQueuedCookiesToResponse.php(36): Illuminate/Pipeline/Pipeline->{closure:{closure:Illuminate/Pipeline/Pipeline::carry():194}:195}(Object(Illuminate/Http/Request))
#30 C:/laragon/www/APK_POS/vendor/laravel/framework/src/Illuminate/Pipeline/Pipeline.php(219): Illuminate/Cookie/Middleware/AddQueuedCookiesToResponse->handle(Object(Illuminate/Http/Request), Object(Closure))
#31 C:/laragon/www/APK_POS/vendor/laravel/framework/src/Illuminate/Cookie/Middleware/EncryptCookies.php(74): Illuminate/Pipeline/Pipeline->{closure:{closure:Illuminate/Pipeline/Pipeline::carry():194}:195}(Object(Illuminate/Http/Request))
#32 C:/laragon/www/APK_POS/vendor/laravel/framework/src/Illuminate/Pipeline/Pipeline.php(219): Illuminate/Cookie/Middleware/EncryptCookies->handle(Object(Illuminate/Http/Request), Object(Closure))
#33 C:/laragon/www/APK_POS/vendor/laravel/framework/src/Illuminate/Pipeline/Pipeline.php(137): Illuminate/Pipeline/Pipeline->{closure:{closure:Illuminate/Pipeline/Pipeline::carry():194}:195}(Object(Illuminate/Http/Request))
#34 C:/laragon/www/APK_POS/vendor/laravel/framework/src/Illuminate/Routing/Router.php(821): Illuminate/Pipeline/Pipeline->then(Object(Closure))
#35 C:/laragon/www/APK_POS/vendor/laravel/framework/src/Illuminate/Routing/Router.php(800): Illuminate/Routing/Router->runRouteWithinStack(Object(Illuminate/Routing/Route), Object(Illuminate/Http/Request))
#36 C:/laragon/www/APK_POS/vendor/laravel/framework/src/Illuminate/Routing/Router.php(764): Illuminate/Routing/Router->runRoute(Object(Illuminate/Http/Request), Object(Illuminate/Routing/Route))
#37 C:/laragon/www/APK_POS/vendor/laravel/framework/src/Illuminate/Routing/Router.php(753): Illuminate/Routing/Router->dispatchToRoute(Object(Illuminate/Http/Request))
#38 C:/laragon/www/APK_POS/vendor/laravel/framework/src/Illuminate/Foundation/Http/Kernel.php(200): Illuminate/Routing/Router->dispatch(Object(Illuminate/Http/Request))
#39 C:/laragon/www/APK_POS/vendor/laravel/framework/src/Illuminate/Pipeline/Pipeline.php(180): Illuminate/Foundation/Http/Kernel->{closure:Illuminate/Foundation/Http/Kernel::dispatchToRouter():197}(Object(Illuminate/Http/Request))
#40 C:/laragon/www/APK_POS/vendor/laravel/framework/src/Illuminate/Foundation/Http/Middleware/TransformsRequest.php(21): Illuminate/Pipeline/Pipeline->{closure:Illuminate/Pipeline/Pipeline::prepareDestination():178}(Object(Illuminate/Http/Request))
#41 C:/laragon/www/APK_POS/vendor/laravel/framework/src/Illuminate/Foundation/Http/Middleware/ConvertEmptyStringsToNull.php(31): Illuminate/Foundation/Http/Middleware/TransformsRequest->handle(Object(Illuminate/Http/Request), Object(Closure))
#42 C:/laragon/www/APK_POS/vendor/laravel/framework/src/Illuminate/Pipeline/Pipeline.php(219): Illuminate/Foundation/Http/Middleware/ConvertEmptyStringsToNull->handle(Object(Illuminate/Http/Request), Object(Closure))
#43 C:/laragon/www/APK_POS/vendor/laravel/framework/src/Illuminate/Foundation/Http/Middleware/TransformsRequest.php(21): Illuminate/Pipeline/Pipeline->{closure:{closure:Illuminate/Pipeline/Pipeline::carry():194}:195}(Object(Illuminate/Http/Request))
#44 C:/laragon/www/APK_POS/vendor/laravel/framework/src/Illuminate/Foundation/Http/Middleware/TrimStrings.php(51): Illuminate/Foundation/Http/Middleware/TransformsRequest->handle(Object(Illuminate/Http/Request), Object(Closure))
#45 C:/laragon/www/APK_POS/vendor/laravel/framework/src/Illuminate/Pipeline/Pipeline.php(219): Illuminate/Foundation/Http/Middleware/TrimStrings->handle(Object(Illuminate/Http/Request), Object(Closure))
#46 C:/laragon/www/APK_POS/vendor/laravel/framework/src/Illuminate/Http/Middleware/ValidatePostSize.php(27): Illuminate/Pipeline/Pipeline->{closure:{closure:Illuminate/Pipeline/Pipeline::carry():194}:195}(Object(Illuminate/Http/Request))
#47 C:/laragon/www/APK_POS/vendor/laravel/framework/src/Illuminate/Pipeline/Pipeline.php(219): Illuminate/Http/Middleware/ValidatePostSize->handle(Object(Illuminate/Http/Request), Object(Closure))
#48 C:/laragon/www/APK_POS/vendor/laravel/framework/src/Illuminate/Foundation/Http/Middleware/PreventRequestsDuringMaintenance.php(109): Illuminate/Pipeline/Pipeline->{closure:{closure:Illuminate/Pipeline/Pipeline::carry():194}:195}(Object(Illuminate/Http/Request))
#49 C:/laragon/www/APK_POS/vendor/laravel/framework/src/Illuminate/Pipeline/Pipeline.php(219): Illuminate/Foundation/Http/Middleware/PreventRequestsDuringMaintenance->handle(Object(Illuminate/Http/Request), Object(Closure))
#50 C:/laragon/www/APK_POS/vendor/laravel/framework/src/Illuminate/Http/Middleware/HandleCors.php(48): Illuminate/Pipeline/Pipeline->{closure:{closure:Illuminate/Pipeline/Pipeline::carry():194}:195}(Object(Illuminate/Http/Request))
#51 C:/laragon/www/APK_POS/vendor/laravel/framework/src/Illuminate/Pipeline/Pipeline.php(219): Illuminate/Http/Middleware/HandleCors->handle(Object(Illuminate/Http/Request), Object(Closure))
#52 C:/laragon/www/APK_POS/vendor/laravel/framework/src/Illuminate/Http/Middleware/TrustProxies.php(58): Illuminate/Pipeline/Pipeline->{closure:{closure:Illuminate/Pipeline/Pipeline::carry():194}:195}(Object(Illuminate/Http/Request))
#53 C:/laragon/www/APK_POS/vendor/laravel/framework/src/Illuminate/Pipeline/Pipeline.php(219): Illuminate/Http/Middleware/TrustProxies->handle(Object(Illuminate/Http/Request), Object(Closure))
#54 C:/laragon/www/APK_POS/vendor/laravel/framework/src/Illuminate/Foundation/Http/Middleware/InvokeDeferredCallbacks.php(22): Illuminate/Pipeline/Pipeline->{closure:{closure:Illuminate/Pipeline/Pipeline::carry():194}:195}(Object(Illuminate/Http/Request))
#55 C:/laragon/www/APK_POS/vendor/laravel/framework/src/Illuminate/Pipeline/Pipeline.php(219): Illuminate/Foundation/Http/Middleware/InvokeDeferredCallbacks->handle(Object(Illuminate/Http/Request), Object(Closure))
#56 C:/laragon/www/APK_POS/vendor/laravel/framework/src/Illuminate/Http/Middleware/ValidatePathEncoding.php(26): Illuminate/Pipeline/Pipeline->{closure:{closure:Illuminate/Pipeline/Pipeline::carry():194}:195}(Object(Illuminate/Http/Request))
#57 C:/laragon/www/APK_POS/vendor/laravel/framework/src/Illuminate/Pipeline/Pipeline.php(219): Illuminate/Http/Middleware/ValidatePathEncoding->handle(Object(Illuminate/Http/Request), Object(Closure))
#58 C:/laragon/www/APK_POS/vendor/laravel/framework/src/Illuminate/Pipeline/Pipeline.php(137): Illuminate/Pipeline/Pipeline->{closure:{closure:Illuminate/Pipeline/Pipeline::carry():194}:195}(Object(Illuminate/Http/Request))
#59 C:/laragon/www/APK_POS/vendor/laravel/framework/src/Illuminate/Foundation/Http/Kernel.php(175): Illuminate/Pipeline/Pipeline->then(Object(Closure))
#60 C:/laragon/www/APK_POS/vendor/laravel/framework/src/Illuminate/Foundation/Http/Kernel.php(144): Illuminate/Foundation/Http/Kernel->sendRequestThroughRouter(Object(Illuminate/Http/Request))
#61 C:/laragon/www/APK_POS/vendor/laravel/framework/src/Illuminate/Foundation/Application.php(1220): Illuminate/Foundation/Http/Kernel->handle(Object(Illuminate/Http/Request))
#62 C:/laragon/www/APK_POS/public/index.php(20): Illuminate/Foundation/Application->handleRequest(Object(Illuminate/Http/Request))
#63 C:/laragon/www/APK_POS/vendor/laravel/framework/src/Illuminate/Foundation/resources/server.php(23): require_once('C://laragon//www//...')
#64 {main}
"} 
[2026-08-03 04:41:52] local.ERROR: SQLSTATE[23000]: Integrity constraint violation: 1451 Cannot delete or update a parent row: a foreign key constraint fails (`pos_riski`.`item_penjualan`, CONSTRAINT `item_penjualan_produk_id_foreign` FOREIGN KEY (`produk_id`) REFERENCES `produk` (`id`)) (Connection: mysql, Host: 127.0.0.1, Port: 3306, Database: pos_riski, SQL: delete from `produk` where `id` = 3) {"userId":3,"exception":"[object] (Illuminate\\Database\\QueryException(code: 23000): SQLSTATE[23000]: Integrity constraint violation: 1451 Cannot delete or update a parent row: a foreign key constraint fails (`pos_riski`.`item_penjualan`, CONSTRAINT `item_penjualan_produk_id_foreign` FOREIGN KEY (`produk_id`) REFERENCES `produk` (`id`)) (Connection: mysql, Host: 127.0.0.1, Port: 3306, Database: pos_riski, SQL: delete from `produk` where `id` = 3) at C:/laragon/www/APK_POS/vendor/laravel/framework/src/Illuminate/Database/Connection.php:838)
[stacktrace]
#0 C:/laragon/www/APK_POS/vendor/laravel/framework/src/Illuminate/Database/Connection.php(794): Illuminate/Database/Connection->runQueryCallback('delete from `pr...', Array, Object(Closure))
#1 C:/laragon/www/APK_POS/vendor/laravel/framework/src/Illuminate/Database/Connection.php(597): Illuminate/Database/Connection->run('delete from `pr...', Array, Object(Closure))
#2 C:/laragon/www/APK_POS/vendor/laravel/framework/src/Illuminate/Database/Connection.php(561): Illuminate/Database/Connection->affectingStatement('delete from `pr...', Array)
#3 C:/laragon/www/APK_POS/vendor/laravel/framework/src/Illuminate/Database/Query/Builder.php(4289): Illuminate/Database/Connection->delete('delete from `pr...', Array)
#4 C:/laragon/www/APK_POS/vendor/laravel/framework/src/Illuminate/Database/Eloquent/Builder.php(1478): Illuminate/Database/Query/Builder->delete()
#5 C:/laragon/www/APK_POS/vendor/laravel/framework/src/Illuminate/Database/Eloquent/Model.php(1578): Illuminate/Database/Eloquent/Builder->delete()
#6 C:/laragon/www/APK_POS/vendor/laravel/framework/src/Illuminate/Database/Eloquent/Model.php(1510): Illuminate/Database/Eloquent/Model->performDeleteOnModel()
#7 C:/laragon/www/APK_POS/app/Http/Controllers/ProdukController.php(142): Illuminate/Database/Eloquent/Model->delete()
#8 C:/laragon/www/APK_POS/vendor/laravel/framework/src/Illuminate/Routing/Controller.php(54): App/Http/Controllers/ProdukController->destroy(Object(App/Models/Produk))
#9 C:/laragon/www/APK_POS/vendor/laravel/framework/src/Illuminate/Routing/ControllerDispatcher.php(43): Illuminate/Routing/Controller->callAction('destroy', Array)
#10 C:/laragon/www/APK_POS/vendor/laravel/framework/src/Illuminate/Routing/Route.php(265): Illuminate/Routing/ControllerDispatcher->dispatch(Object(Illuminate/Routing/Route), Object(App/Http/Controllers/ProdukController), 'destroy')
#11 C:/laragon/www/APK_POS/vendor/laravel/framework/src/Illuminate/Routing/Route.php(211): Illuminate/Routing/Route->runController()
#12 C:/laragon/www/APK_POS/vendor/laravel/framework/src/Illuminate/Routing/Router.php(822): Illuminate/Routing/Route->run()
#13 C:/laragon/www/APK_POS/vendor/laravel/framework/src/Illuminate/Pipeline/Pipeline.php(180): Illuminate/Routing/Router->{closure:Illuminate/Routing/Router::runRouteWithinStack():821}(Object(Illuminate/Http/Request))
#14 C:/laragon/www/APK_POS/app/Http/Middleware/RoleMiddleware.php(23): Illuminate/Pipeline/Pipeline->{closure:Illuminate/Pipeline/Pipeline::prepareDestination():178}(Object(Illuminate/Http/Request))
#15 C:/laragon/www/APK_POS/vendor/laravel/framework/src/Illuminate/Pipeline/Pipeline.php(219): App/Http/Middleware/RoleMiddleware->handle(Object(Illuminate/Http/Request), Object(Closure), 'admin', 'kasir')
#16 C:/laragon/www/APK_POS/vendor/laravel/framework/src/Illuminate/Routing/Middleware/SubstituteBindings.php(50): Illuminate/Pipeline/Pipeline->{closure:{closure:Illuminate/Pipeline/Pipeline::carry():194}:195}(Object(Illuminate/Http/Request))
#17 C:/laragon/www/APK_POS/vendor/laravel/framework/src/Illuminate/Pipeline/Pipeline.php(219): Illuminate/Routing/Middleware/SubstituteBindings->handle(Object(Illuminate/Http/Request), Object(Closure))
#18 C:/laragon/www/APK_POS/vendor/laravel/framework/src/Illuminate/Auth/Middleware/Authenticate.php(63): Illuminate/Pipeline/Pipeline->{closure:{closure:Illuminate/Pipeline/Pipeline::carry():194}:195}(Object(Illuminate/Http/Request))
#19 C:/laragon/www/APK_POS/vendor/laravel/framework/src/Illuminate/Pipeline/Pipeline.php(219): Illuminate/Auth/Middleware/Authenticate->handle(Object(Illuminate/Http/Request), Object(Closure))
#20 C:/laragon/www/APK_POS/vendor/laravel/framework/src/Illuminate/Foundation/Http/Middleware/VerifyCsrfToken.php(87): Illuminate/Pipeline/Pipeline->{closure:{closure:Illuminate/Pipeline/Pipeline::carry():194}:195}(Object(Illuminate/Http/Request))
#21 C:/laragon/www/APK_POS/vendor/laravel/framework/src/Illuminate/Pipeline/Pipeline.php(219): Illuminate/Foundation/Http/Middleware/VerifyCsrfToken->handle(Object(Illuminate/Http/Request), Object(Closure))
#22 C:/laragon/www/APK_POS/vendor/laravel/framework/src/Illuminate/View/Middleware/ShareErrorsFromSession.php(48): Illuminate/Pipeline/Pipeline->{closure:{closure:Illuminate/Pipeline/Pipeline::carry():194}:195}(Object(Illuminate/Http/Request))
#23 C:/laragon/www/APK_POS/vendor/laravel/framework/src/Illuminate/Pipeline/Pipeline.php(219): Illuminate/View/Middleware/ShareErrorsFromSession->handle(Object(Illuminate/Http/Request), Object(Closure))
#24 C:/laragon/www/APK_POS/vendor/laravel/framework/src/Illuminate/Session/Middleware/StartSession.php(120): Illuminate/Pipeline/Pipeline->{closure:{closure:Illuminate/Pipeline/Pipeline::carry():194}:195}(Object(Illuminate/Http/Request))
#25 C:/laragon/www/APK_POS/vendor/laravel/framework/src/Illuminate/Session/Middleware/StartSession.php(63): Illuminate/Session/Middleware/StartSession->handleStatefulRequest(Object(Illuminate/Http/Request), Object(Illuminate/Session/Store), Object(Closure))
#26 C:/laragon/www/APK_POS/vendor/laravel/framework/src/Illuminate/Pipeline/Pipeline.php(219): Illuminate/Session/Middleware/StartSession->handle(Object(Illuminate/Http/Request), Object(Closure))
#27 C:/laragon/www/APK_POS/vendor/laravel/framework/src/Illuminate/Cookie/Middleware/AddQueuedCookiesToResponse.php(36): Illuminate/Pipeline/Pipeline->{closure:{closure:Illuminate/Pipeline/Pipeline::carry():194}:195}(Object(Illuminate/Http/Request))
#28 C:/laragon/www/APK_POS/vendor/laravel/framework/src/Illuminate/Pipeline/Pipeline.php(219): Illuminate/Cookie/Middleware/AddQueuedCookiesToResponse->handle(Object(Illuminate/Http/Request), Object(Closure))
#29 C:/laragon/www/APK_POS/vendor/laravel/framework/src/Illuminate/Cookie/Middleware/EncryptCookies.php(74): Illuminate/Pipeline/Pipeline->{closure:{closure:Illuminate/Pipeline/Pipeline::carry():194}:195}(Object(Illuminate/Http/Request))
#30 C:/laragon/www/APK_POS/vendor/laravel/framework/src/Illuminate/Pipeline/Pipeline.php(219): Illuminate/Cookie/Middleware/EncryptCookies->handle(Object(Illuminate/Http/Request), Object(Closure))
#31 C:/laragon/www/APK_POS/vendor/laravel/framework/src/Illuminate/Pipeline/Pipeline.php(137): Illuminate/Pipeline/Pipeline->{closure:{closure:Illuminate/Pipeline/Pipeline::carry():194}:195}(Object(Illuminate/Http/Request))
#32 C:/laragon/www/APK_POS/vendor/laravel/framework/src/Illuminate/Routing/Router.php(821): Illuminate/Pipeline/Pipeline->then(Object(Closure))
#33 C:/laragon/www/APK_POS/vendor/laravel/framework/src/Illuminate/Routing/Router.php(800): Illuminate/Routing/Router->runRouteWithinStack(Object(Illuminate/Routing/Route), Object(Illuminate/Http/Request))
#34 C:/laragon/www/APK_POS/vendor/laravel/framework/src/Illuminate/Routing/Router.php(764): Illuminate/Routing/Router->runRoute(Object(Illuminate/Http/Request), Object(Illuminate/Routing/Route))
#35 C:/laragon/www/APK_POS/vendor/laravel/framework/src/Illuminate/Routing/Router.php(753): Illuminate/Routing/Router->dispatchToRoute(Object(Illuminate/Http/Request))
#36 C:/laragon/www/APK_POS/vendor/laravel/framework/src/Illuminate/Foundation/Http/Kernel.php(200): Illuminate/Routing/Router->dispatch(Object(Illuminate/Http/Request))
#37 C:/laragon/www/APK_POS/vendor/laravel/framework/src/Illuminate/Pipeline/Pipeline.php(180): Illuminate/Foundation/Http/Kernel->{closure:Illuminate/Foundation/Http/Kernel::dispatchToRouter():197}(Object(Illuminate/Http/Request))
#38 C:/laragon/www/APK_POS/vendor/laravel/framework/src/Illuminate/Foundation/Http/Middleware/TransformsRequest.php(21): Illuminate/Pipeline/Pipeline->{closure:Illuminate/Pipeline/Pipeline::prepareDestination():178}(Object(Illuminate/Http/Request))
#39 C:/laragon/www/APK_POS/vendor/laravel/framework/src/Illuminate/Foundation/Http/Middleware/ConvertEmptyStringsToNull.php(31): Illuminate/Foundation/Http/Middleware/TransformsRequest->handle(Object(Illuminate/Http/Request), Object(Closure))
#40 C:/laragon/www/APK_POS/vendor/laravel/framework/src/Illuminate/Pipeline/Pipeline.php(219): Illuminate/Foundation/Http/Middleware/ConvertEmptyStringsToNull->handle(Object(Illuminate/Http/Request), Object(Closure))
#41 C:/laragon/www/APK_POS/vendor/laravel/framework/src/Illuminate/Foundation/Http/Middleware/TransformsRequest.php(21): Illuminate/Pipeline/Pipeline->{closure:{closure:Illuminate/Pipeline/Pipeline::carry():194}:195}(Object(Illuminate/Http/Request))
#42 C:/laragon/www/APK_POS/vendor/laravel/framework/src/Illuminate/Foundation/Http/Middleware/TrimStrings.php(51): Illuminate/Foundation/Http/Middleware/TransformsRequest->handle(Object(Illuminate/Http/Request), Object(Closure))
#43 C:/laragon/www/APK_POS/vendor/laravel/framework/src/Illuminate/Pipeline/Pipeline.php(219): Illuminate/Foundation/Http/Middleware/TrimStrings->handle(Object(Illuminate/Http/Request), Object(Closure))
#44 C:/laragon/www/APK_POS/vendor/laravel/framework/src/Illuminate/Http/Middleware/ValidatePostSize.php(27): Illuminate/Pipeline/Pipeline->{closure:{closure:Illuminate/Pipeline/Pipeline::carry():194}:195}(Object(Illuminate/Http/Request))
#45 C:/laragon/www/APK_POS/vendor/laravel/framework/src/Illuminate/Pipeline/Pipeline.php(219): Illuminate/Http/Middleware/ValidatePostSize->handle(Object(Illuminate/Http/Request), Object(Closure))
#46 C:/laragon/www/APK_POS/vendor/laravel/framework/src/Illuminate/Foundation/Http/Middleware/PreventRequestsDuringMaintenance.php(109): Illuminate/Pipeline/Pipeline->{closure:{closure:Illuminate/Pipeline/Pipeline::carry():194}:195}(Object(Illuminate/Http/Request))
#47 C:/laragon/www/APK_POS/vendor/laravel/framework/src/Illuminate/Pipeline/Pipeline.php(219): Illuminate/Foundation/Http/Middleware/PreventRequestsDuringMaintenance->handle(Object(Illuminate/Http/Request), Object(Closure))
#48 C:/laragon/www/APK_POS/vendor/laravel/framework/src/Illuminate/Http/Middleware/HandleCors.php(48): Illuminate/Pipeline/Pipeline->{closure:{closure:Illuminate/Pipeline/Pipeline::carry():194}:195}(Object(Illuminate/Http/Request))
#49 C:/laragon/www/APK_POS/vendor/laravel/framework/src/Illuminate/Pipeline/Pipeline.php(219): Illuminate/Http/Middleware/HandleCors->handle(Object(Illuminate/Http/Request), Object(Closure))
#50 C:/laragon/www/APK_POS/vendor/laravel/framework/src/Illuminate/Http/Middleware/TrustProxies.php(58): Illuminate/Pipeline/Pipeline->{closure:{closure:Illuminate/Pipeline/Pipeline::carry():194}:195}(Object(Illuminate/Http/Request))
#51 C:/laragon/www/APK_POS/vendor/laravel/framework/src/Illuminate/Pipeline/Pipeline.php(219): Illuminate/Http/Middleware/TrustProxies->handle(Object(Illuminate/Http/Request), Object(Closure))
#52 C:/laragon/www/APK_POS/vendor/laravel/framework/src/Illuminate/Foundation/Http/Middleware/InvokeDeferredCallbacks.php(22): Illuminate/Pipeline/Pipeline->{closure:{closure:Illuminate/Pipeline/Pipeline::carry():194}:195}(Object(Illuminate/Http/Request))
#53 C:/laragon/www/APK_POS/vendor/laravel/framework/src/Illuminate/Pipeline/Pipeline.php(219): Illuminate/Foundation/Http/Middleware/InvokeDeferredCallbacks->handle(Object(Illuminate/Http/Request), Object(Closure))
#54 C:/laragon/www/APK_POS/vendor/laravel/framework/src/Illuminate/Http/Middleware/ValidatePathEncoding.php(26): Illuminate/Pipeline/Pipeline->{closure:{closure:Illuminate/Pipeline/Pipeline::carry():194}:195}(Object(Illuminate/Http/Request))
#55 C:/laragon/www/APK_POS/vendor/laravel/framework/src/Illuminate/Pipeline/Pipeline.php(219): Illuminate/Http/Middleware/ValidatePathEncoding->handle(Object(Illuminate/Http/Request), Object(Closure))
#56 C:/laragon/www/APK_POS/vendor/laravel/framework/src/Illuminate/Pipeline/Pipeline.php(137): Illuminate/Pipeline/Pipeline->{closure:{closure:Illuminate/Pipeline/Pipeline::carry():194}:195}(Object(Illuminate/Http/Request))
#57 C:/laragon/www/APK_POS/vendor/laravel/framework/src/Illuminate/Foundation/Http/Kernel.php(175): Illuminate/Pipeline/Pipeline->then(Object(Closure))
#58 C:/laragon/www/APK_POS/vendor/laravel/framework/src/Illuminate/Foundation/Http/Kernel.php(144): Illuminate/Foundation/Http/Kernel->sendRequestThroughRouter(Object(Illuminate/Http/Request))
#59 C:/laragon/www/APK_POS/vendor/laravel/framework/src/Illuminate/Foundation/Application.php(1220): Illuminate/Foundation/Http/Kernel->handle(Object(Illuminate/Http/Request))
#60 C:/laragon/www/APK_POS/public/index.php(20): Illuminate/Foundation/Application->handleRequest(Object(Illuminate/Http/Request))
#61 C:/laragon/www/APK_POS/vendor/laravel/framework/src/Illuminate/Foundation/resources/server.php(23): require_once('C://laragon//www//...')
#62 {main}

[previous exception] [object] (PDOException(code: 23000): SQLSTATE[23000]: Integrity constraint violation: 1451 Cannot delete or update a parent row: a foreign key constraint fails (`pos_riski`.`item_penjualan`, CONSTRAINT `item_penjualan_produk_id_foreign` FOREIGN KEY (`produk_id`) REFERENCES `produk` (`id`)) at C:/laragon/www/APK_POS/vendor/laravel/framework/src/Illuminate/Database/Connection.php:609)
[stacktrace]
#0 C:/laragon/www/APK_POS/vendor/laravel/framework/src/Illuminate/Database/Connection.php(609): PDOStatement->execute()
#1 C:/laragon/www/APK_POS/vendor/laravel/framework/src/Illuminate/Database/Connection.php(827): Illuminate/Database/Connection->{closure:Illuminate/Database/Connection::affectingStatement():597}('delete from `pr...', Array)
#2 C:/laragon/www/APK_POS/vendor/laravel/framework/src/Illuminate/Database/Connection.php(794): Illuminate/Database/Connection->runQueryCallback('delete from `pr...', Array, Object(Closure))
#3 C:/laragon/www/APK_POS/vendor/laravel/framework/src/Illuminate/Database/Connection.php(597): Illuminate/Database/Connection->run('delete from `pr...', Array, Object(Closure))
#4 C:/laragon/www/APK_POS/vendor/laravel/framework/src/Illuminate/Database/Connection.php(561): Illuminate/Database/Connection->affectingStatement('delete from `pr...', Array)
#5 C:/laragon/www/APK_POS/vendor/laravel/framework/src/Illuminate/Database/Query/Builder.php(4289): Illuminate/Database/Connection->delete('delete from `pr...', Array)
#6 C:/laragon/www/APK_POS/vendor/laravel/framework/src/Illuminate/Database/Eloquent/Builder.php(1478): Illuminate/Database/Query/Builder->delete()
#7 C:/laragon/www/APK_POS/vendor/laravel/framework/src/Illuminate/Database/Eloquent/Model.php(1578): Illuminate/Database/Eloquent/Builder->delete()
#8 C:/laragon/www/APK_POS/vendor/laravel/framework/src/Illuminate/Database/Eloquent/Model.php(1510): Illuminate/Database/Eloquent/Model->performDeleteOnModel()
#9 C:/laragon/www/APK_POS/app/Http/Controllers/ProdukController.php(142): Illuminate/Database/Eloquent/Model->delete()
#10 C:/laragon/www/APK_POS/vendor/laravel/framework/src/Illuminate/Routing/Controller.php(54): App/Http/Controllers/ProdukController->destroy(Object(App/Models/Produk))
#11 C:/laragon/www/APK_POS/vendor/laravel/framework/src/Illuminate/Routing/ControllerDispatcher.php(43): Illuminate/Routing/Controller->callAction('destroy', Array)
#12 C:/laragon/www/APK_POS/vendor/laravel/framework/src/Illuminate/Routing/Route.php(265): Illuminate/Routing/ControllerDispatcher->dispatch(Object(Illuminate/Routing/Route), Object(App/Http/Controllers/ProdukController), 'destroy')
#13 C:/laragon/www/APK_POS/vendor/laravel/framework/src/Illuminate/Routing/Route.php(211): Illuminate/Routing/Route->runController()
#14 C:/laragon/www/APK_POS/vendor/laravel/framework/src/Illuminate/Routing/Router.php(822): Illuminate/Routing/Route->run()
#15 C:/laragon/www/APK_POS/vendor/laravel/framework/src/Illuminate/Pipeline/Pipeline.php(180): Illuminate/Routing/Router->{closure:Illuminate/Routing/Router::runRouteWithinStack():821}(Object(Illuminate/Http/Request))
#16 C:/laragon/www/APK_POS/app/Http/Middleware/RoleMiddleware.php(23): Illuminate/Pipeline/Pipeline->{closure:Illuminate/Pipeline/Pipeline::prepareDestination():178}(Object(Illuminate/Http/Request))
#17 C:/laragon/www/APK_POS/vendor/laravel/framework/src/Illuminate/Pipeline/Pipeline.php(219): App/Http/Middleware/RoleMiddleware->handle(Object(Illuminate/Http/Request), Object(Closure), 'admin', 'kasir')
#18 C:/laragon/www/APK_POS/vendor/laravel/framework/src/Illuminate/Routing/Middleware/SubstituteBindings.php(50): Illuminate/Pipeline/Pipeline->{closure:{closure:Illuminate/Pipeline/Pipeline::carry():194}:195}(Object(Illuminate/Http/Request))
#19 C:/laragon/www/APK_POS/vendor/laravel/framework/src/Illuminate/Pipeline/Pipeline.php(219): Illuminate/Routing/Middleware/SubstituteBindings->handle(Object(Illuminate/Http/Request), Object(Closure))
#20 C:/laragon/www/APK_POS/vendor/laravel/framework/src/Illuminate/Auth/Middleware/Authenticate.php(63): Illuminate/Pipeline/Pipeline->{closure:{closure:Illuminate/Pipeline/Pipeline::carry():194}:195}(Object(Illuminate/Http/Request))
#21 C:/laragon/www/APK_POS/vendor/laravel/framework/src/Illuminate/Pipeline/Pipeline.php(219): Illuminate/Auth/Middleware/Authenticate->handle(Object(Illuminate/Http/Request), Object(Closure))
#22 C:/laragon/www/APK_POS/vendor/laravel/framework/src/Illuminate/Foundation/Http/Middleware/VerifyCsrfToken.php(87): Illuminate/Pipeline/Pipeline->{closure:{closure:Illuminate/Pipeline/Pipeline::carry():194}:195}(Object(Illuminate/Http/Request))
#23 C:/laragon/www/APK_POS/vendor/laravel/framework/src/Illuminate/Pipeline/Pipeline.php(219): Illuminate/Foundation/Http/Middleware/VerifyCsrfToken->handle(Object(Illuminate/Http/Request), Object(Closure))
#24 C:/laragon/www/APK_POS/vendor/laravel/framework/src/Illuminate/View/Middleware/ShareErrorsFromSession.php(48): Illuminate/Pipeline/Pipeline->{closure:{closure:Illuminate/Pipeline/Pipeline::carry():194}:195}(Object(Illuminate/Http/Request))
#25 C:/laragon/www/APK_POS/vendor/laravel/framework/src/Illuminate/Pipeline/Pipeline.php(219): Illuminate/View/Middleware/ShareErrorsFromSession->handle(Object(Illuminate/Http/Request), Object(Closure))
#26 C:/laragon/www/APK_POS/vendor/laravel/framework/src/Illuminate/Session/Middleware/StartSession.php(120): Illuminate/Pipeline/Pipeline->{closure:{closure:Illuminate/Pipeline/Pipeline::carry():194}:195}(Object(Illuminate/Http/Request))
#27 C:/laragon/www/APK_POS/vendor/laravel/framework/src/Illuminate/Session/Middleware/StartSession.php(63): Illuminate/Session/Middleware/StartSession->handleStatefulRequest(Object(Illuminate/Http/Request), Object(Illuminate/Session/Store), Object(Closure))
#28 C:/laragon/www/APK_POS/vendor/laravel/framework/src/Illuminate/Pipeline/Pipeline.php(219): Illuminate/Session/Middleware/StartSession->handle(Object(Illuminate/Http/Request), Object(Closure))
#29 C:/laragon/www/APK_POS/vendor/laravel/framework/src/Illuminate/Cookie/Middleware/AddQueuedCookiesToResponse.php(36): Illuminate/Pipeline/Pipeline->{closure:{closure:Illuminate/Pipeline/Pipeline::carry():194}:195}(Object(Illuminate/Http/Request))
#30 C:/laragon/www/APK_POS/vendor/laravel/framework/src/Illuminate/Pipeline/Pipeline.php(219): Illuminate/Cookie/Middleware/AddQueuedCookiesToResponse->handle(Object(Illuminate/Http/Request), Object(Closure))
#31 C:/laragon/www/APK_POS/vendor/laravel/framework/src/Illuminate/Cookie/Middleware/EncryptCookies.php(74): Illuminate/Pipeline/Pipeline->{closure:{closure:Illuminate/Pipeline/Pipeline::carry():194}:195}(Object(Illuminate/Http/Request))
#32 C:/laragon/www/APK_POS/vendor/laravel/framework/src/Illuminate/Pipeline/Pipeline.php(219): Illuminate/Cookie/Middleware/EncryptCookies->handle(Object(Illuminate/Http/Request), Object(Closure))
#33 C:/laragon/www/APK_POS/vendor/laravel/framework/src/Illuminate/Pipeline/Pipeline.php(137): Illuminate/Pipeline/Pipeline->{closure:{closure:Illuminate/Pipeline/Pipeline::carry():194}:195}(Object(Illuminate/Http/Request))
#34 C:/laragon/www/APK_POS/vendor/laravel/framework/src/Illuminate/Routing/Router.php(821): Illuminate/Pipeline/Pipeline->then(Object(Closure))
#35 C:/laragon/www/APK_POS/vendor/laravel/framework/src/Illuminate/Routing/Router.php(800): Illuminate/Routing/Router->runRouteWithinStack(Object(Illuminate/Routing/Route), Object(Illuminate/Http/Request))
#36 C:/laragon/www/APK_POS/vendor/laravel/framework/src/Illuminate/Routing/Router.php(764): Illuminate/Routing/Router->runRoute(Object(Illuminate/Http/Request), Object(Illuminate/Routing/Route))
#37 C:/laragon/www/APK_POS/vendor/laravel/framework/src/Illuminate/Routing/Router.php(753): Illuminate/Routing/Router->dispatchToRoute(Object(Illuminate/Http/Request))
#38 C:/laragon/www/APK_POS/vendor/laravel/framework/src/Illuminate/Foundation/Http/Kernel.php(200): Illuminate/Routing/Router->dispatch(Object(Illuminate/Http/Request))
#39 C:/laragon/www/APK_POS/vendor/laravel/framework/src/Illuminate/Pipeline/Pipeline.php(180): Illuminate/Foundation/Http/Kernel->{closure:Illuminate/Foundation/Http/Kernel::dispatchToRouter():197}(Object(Illuminate/Http/Request))
#40 C:/laragon/www/APK_POS/vendor/laravel/framework/src/Illuminate/Foundation/Http/Middleware/TransformsRequest.php(21): Illuminate/Pipeline/Pipeline->{closure:Illuminate/Pipeline/Pipeline::prepareDestination():178}(Object(Illuminate/Http/Request))
#41 C:/laragon/www/APK_POS/vendor/laravel/framework/src/Illuminate/Foundation/Http/Middleware/ConvertEmptyStringsToNull.php(31): Illuminate/Foundation/Http/Middleware/TransformsRequest->handle(Object(Illuminate/Http/Request), Object(Closure))
#42 C:/laragon/www/APK_POS/vendor/laravel/framework/src/Illuminate/Pipeline/Pipeline.php(219): Illuminate/Foundation/Http/Middleware/ConvertEmptyStringsToNull->handle(Object(Illuminate/Http/Request), Object(Closure))
#43 C:/laragon/www/APK_POS/vendor/laravel/framework/src/Illuminate/Foundation/Http/Middleware/TransformsRequest.php(21): Illuminate/Pipeline/Pipeline->{closure:{closure:Illuminate/Pipeline/Pipeline::carry():194}:195}(Object(Illuminate/Http/Request))
#44 C:/laragon/www/APK_POS/vendor/laravel/framework/src/Illuminate/Foundation/Http/Middleware/TrimStrings.php(51): Illuminate/Foundation/Http/Middleware/TransformsRequest->handle(Object(Illuminate/Http/Request), Object(Closure))
#45 C:/laragon/www/APK_POS/vendor/laravel/framework/src/Illuminate/Pipeline/Pipeline.php(219): Illuminate/Foundation/Http/Middleware/TrimStrings->handle(Object(Illuminate/Http/Request), Object(Closure))
#46 C:/laragon/www/APK_POS/vendor/laravel/framework/src/Illuminate/Http/Middleware/ValidatePostSize.php(27): Illuminate/Pipeline/Pipeline->{closure:{closure:Illuminate/Pipeline/Pipeline::carry():194}:195}(Object(Illuminate/Http/Request))
#47 C:/laragon/www/APK_POS/vendor/laravel/framework/src/Illuminate/Pipeline/Pipeline.php(219): Illuminate/Http/Middleware/ValidatePostSize->handle(Object(Illuminate/Http/Request), Object(Closure))
#48 C:/laragon/www/APK_POS/vendor/laravel/framework/src/Illuminate/Foundation/Http/Middleware/PreventRequestsDuringMaintenance.php(109): Illuminate/Pipeline/Pipeline->{closure:{closure:Illuminate/Pipeline/Pipeline::carry():194}:195}(Object(Illuminate/Http/Request))
#49 C:/laragon/www/APK_POS/vendor/laravel/framework/src/Illuminate/Pipeline/Pipeline.php(219): Illuminate/Foundation/Http/Middleware/PreventRequestsDuringMaintenance->handle(Object(Illuminate/Http/Request), Object(Closure))
#50 C:/laragon/www/APK_POS/vendor/laravel/framework/src/Illuminate/Http/Middleware/HandleCors.php(48): Illuminate/Pipeline/Pipeline->{closure:{closure:Illuminate/Pipeline/Pipeline::carry():194}:195}(Object(Illuminate/Http/Request))
#51 C:/laragon/www/APK_POS/vendor/laravel/framework/src/Illuminate/Pipeline/Pipeline.php(219): Illuminate/Http/Middleware/HandleCors->handle(Object(Illuminate/Http/Request), Object(Closure))
#52 C:/laragon/www/APK_POS/vendor/laravel/framework/src/Illuminate/Http/Middleware/TrustProxies.php(58): Illuminate/Pipeline/Pipeline->{closure:{closure:Illuminate/Pipeline/Pipeline::carry():194}:195}(Object(Illuminate/Http/Request))
#53 C:/laragon/www/APK_POS/vendor/laravel/framework/src/Illuminate/Pipeline/Pipeline.php(219): Illuminate/Http/Middleware/TrustProxies->handle(Object(Illuminate/Http/Request), Object(Closure))
#54 C:/laragon/www/APK_POS/vendor/laravel/framework/src/Illuminate/Foundation/Http/Middleware/InvokeDeferredCallbacks.php(22): Illuminate/Pipeline/Pipeline->{closure:{closure:Illuminate/Pipeline/Pipeline::carry():194}:195}(Object(Illuminate/Http/Request))
#55 C:/laragon/www/APK_POS/vendor/laravel/framework/src/Illuminate/Pipeline/Pipeline.php(219): Illuminate/Foundation/Http/Middleware/InvokeDeferredCallbacks->handle(Object(Illuminate/Http/Request), Object(Closure))
#56 C:/laragon/www/APK_POS/vendor/laravel/framework/src/Illuminate/Http/Middleware/ValidatePathEncoding.php(26): Illuminate/Pipeline/Pipeline->{closure:{closure:Illuminate/Pipeline/Pipeline::carry():194}:195}(Object(Illuminate/Http/Request))
#57 C:/laragon/www/APK_POS/vendor/laravel/framework/src/Illuminate/Pipeline/Pipeline.php(219): Illuminate/Http/Middleware/ValidatePathEncoding->handle(Object(Illuminate/Http/Request), Object(Closure))
#58 C:/laragon/www/APK_POS/vendor/laravel/framework/src/Illuminate/Pipeline/Pipeline.php(137): Illuminate/Pipeline/Pipeline->{closure:{closure:Illuminate/Pipeline/Pipeline::carry():194}:195}(Object(Illuminate/Http/Request))
#59 C:/laragon/www/APK_POS/vendor/laravel/framework/src/Illuminate/Foundation/Http/Kernel.php(175): Illuminate/Pipeline/Pipeline->then(Object(Closure))
#60 C:/laragon/www/APK_POS/vendor/laravel/framework/src/Illuminate/Foundation/Http/Kernel.php(144): Illuminate/Foundation/Http/Kernel->sendRequestThroughRouter(Object(Illuminate/Http/Request))
#61 C:/laragon/www/APK_POS/vendor/laravel/framework/src/Illuminate/Foundation/Application.php(1220): Illuminate/Foundation/Http/Kernel->handle(Object(Illuminate/Http/Request))
#62 C:/laragon/www/APK_POS/public/index.php(20): Illuminate/Foundation/Application->handleRequest(Object(Illuminate/Http/Request))
#63 C:/laragon/www/APK_POS/vendor/laravel/framework/src/Illuminate/Foundation/resources/server.php(23): require_once('C://laragon//www//...')
#64 {main}
"} 
[2026-08-19 02:58:02] local.ERROR: Undefined variable $products (View: C:\laragon\www\POS_KYY\APK_POS_RISKI\resources\views\users\index.blade.php) {"userId":1,"exception":"[object] (Illuminate\\View\\ViewException(code: 0): Undefined variable $products (View: C:\\laragon\\www\\POS_KYY\\APK_POS_RISKI\\resources\\views\\users\\index.blade.php) at C:/laragon/www/POS_KYY/APK_POS_RISKI/storage/framework/views/f5a1579644cb7b4a7fc684e8af49f772.php:103)
[stacktrace]
#0 C:/laragon/www/POS_KYY/APK_POS_RISKI/vendor/laravel/framework/src/Illuminate/View/Engines/PhpEngine.php(59): Illuminate/View/Engines/CompilerEngine->handleViewException(Object(ErrorException), 1)
#1 C:/laragon/www/POS_KYY/APK_POS_RISKI/vendor/laravel/framework/src/Illuminate/View/Engines/CompilerEngine.php(76): Illuminate/View/Engines/PhpEngine->evaluatePath('C://laragon//www//...', Array)
#2 C:/laragon/www/POS_KYY/APK_POS_RISKI/vendor/laravel/framework/src/Illuminate/View/View.php(208): Illuminate/View/Engines/CompilerEngine->get('C://laragon//www//...', Array)
#3 C:/laragon/www/POS_KYY/APK_POS_RISKI/vendor/laravel/framework/src/Illuminate/View/View.php(191): Illuminate/View/View->getContents()
#4 C:/laragon/www/POS_KYY/APK_POS_RISKI/vendor/laravel/framework/src/Illuminate/View/View.php(160): Illuminate/View/View->renderContents()
#5 C:/laragon/www/POS_KYY/APK_POS_RISKI/vendor/laravel/framework/src/Illuminate/Http/Response.php(78): Illuminate/View/View->render()
#6 C:/laragon/www/POS_KYY/APK_POS_RISKI/vendor/laravel/framework/src/Illuminate/Http/Response.php(34): Illuminate/Http/Response->setContent(Object(Illuminate/View/View))
#7 C:/laragon/www/POS_KYY/APK_POS_RISKI/vendor/laravel/framework/src/Illuminate/Routing/Router.php(939): Illuminate/Http/Response->__construct(Object(Illuminate/View/View), 200, Array)
#8 C:/laragon/www/POS_KYY/APK_POS_RISKI/vendor/laravel/framework/src/Illuminate/Routing/Router.php(906): Illuminate/Routing/Router::toResponse(Object(Illuminate/Http/Request), Object(Illuminate/View/View))
#9 C:/laragon/www/POS_KYY/APK_POS_RISKI/vendor/laravel/framework/src/Illuminate/Routing/Router.php(821): Illuminate/Routing/Router->prepareResponse(Object(Illuminate/Http/Request), Object(Illuminate/View/View))
#10 C:/laragon/www/POS_KYY/APK_POS_RISKI/vendor/laravel/framework/src/Illuminate/Pipeline/Pipeline.php(180): Illuminate/Routing/Router->{closure:Illuminate/Routing/Router::runRouteWithinStack():821}(Object(Illuminate/Http/Request))
#11 C:/laragon/www/POS_KYY/APK_POS_RISKI/app/Http/Middleware/RoleMiddleware.php(23): Illuminate/Pipeline/Pipeline->{closure:Illuminate/Pipeline/Pipeline::prepareDestination():178}(Object(Illuminate/Http/Request))
#12 C:/laragon/www/POS_KYY/APK_POS_RISKI/vendor/laravel/framework/src/Illuminate/Pipeline/Pipeline.php(219): App/Http/Middleware/RoleMiddleware->handle(Object(Illuminate/Http/Request), Object(Closure), 'admin')
#13 C:/laragon/www/POS_KYY/APK_POS_RISKI/vendor/laravel/framework/src/Illuminate/Routing/Middleware/SubstituteBindings.php(50): Illuminate/Pipeline/Pipeline->{closure:{closure:Illuminate/Pipeline/Pipeline::carry():194}:195}(Object(Illuminate/Http/Request))
#14 C:/laragon/www/POS_KYY/APK_POS_RISKI/vendor/laravel/framework/src/Illuminate/Pipeline/Pipeline.php(219): Illuminate/Routing/Middleware/SubstituteBindings->handle(Object(Illuminate/Http/Request), Object(Closure))
#15 C:/laragon/www/POS_KYY/APK_POS_RISKI/vendor/laravel/framework/src/Illuminate/Auth/Middleware/Authenticate.php(63): Illuminate/Pipeline/Pipeline->{closure:{closure:Illuminate/Pipeline/Pipeline::carry():194}:195}(Object(Illuminate/Http/Request))
#16 C:/laragon/www/POS_KYY/APK_POS_RISKI/vendor/laravel/framework/src/Illuminate/Pipeline/Pipeline.php(219): Illuminate/Auth/Middleware/Authenticate->handle(Object(Illuminate/Http/Request), Object(Closure))
#17 C:/laragon/www/POS_KYY/APK_POS_RISKI/vendor/laravel/framework/src/Illuminate/Foundation/Http/Middleware/VerifyCsrfToken.php(87): Illuminate/Pipeline/Pipeline->{closure:{closure:Illuminate/Pipeline/Pipeline::carry():194}:195}(Object(Illuminate/Http/Request))
#18 C:/laragon/www/POS_KYY/APK_POS_RISKI/vendor/laravel/framework/src/Illuminate/Pipeline/Pipeline.php(219): Illuminate/Foundation/Http/Middleware/VerifyCsrfToken->handle(Object(Illuminate/Http/Request), Object(Closure))
#19 C:/laragon/www/POS_KYY/APK_POS_RISKI/vendor/laravel/framework/src/Illuminate/View/Middleware/ShareErrorsFromSession.php(48): Illuminate/Pipeline/Pipeline->{closure:{closure:Illuminate/Pipeline/Pipeline::carry():194}:195}(Object(Illuminate/Http/Request))
#20 C:/laragon/www/POS_KYY/APK_POS_RISKI/vendor/laravel/framework/src/Illuminate/Pipeline/Pipeline.php(219): Illuminate/View/Middleware/ShareErrorsFromSession->handle(Object(Illuminate/Http/Request), Object(Closure))
#21 C:/laragon/www/POS_KYY/APK_POS_RISKI/vendor/laravel/framework/src/Illuminate/Session/Middleware/StartSession.php(120): Illuminate/Pipeline/Pipeline->{closure:{closure:Illuminate/Pipeline/Pipeline::carry():194}:195}(Object(Illuminate/Http/Request))
#22 C:/laragon/www/POS_KYY/APK_POS_RISKI/vendor/laravel/framework/src/Illuminate/Session/Middleware/StartSession.php(63): Illuminate/Session/Middleware/StartSession->handleStatefulRequest(Object(Illuminate/Http/Request), Object(Illuminate/Session/Store), Object(Closure))
#23 C:/laragon/www/POS_KYY/APK_POS_RISKI/vendor/laravel/framework/src/Illuminate/Pipeline/Pipeline.php(219): Illuminate/Session/Middleware/StartSession->handle(Object(Illuminate/Http/Request), Object(Closure))
#24 C:/laragon/www/POS_KYY/APK_POS_RISKI/vendor/laravel/framework/src/Illuminate/Cookie/Middleware/AddQueuedCookiesToResponse.php(36): Illuminate/Pipeline/Pipeline->{closure:{closure:Illuminate/Pipeline/Pipeline::carry():194}:195}(Object(Illuminate/Http/Request))
#25 C:/laragon/www/POS_KYY/APK_POS_RISKI/vendor/laravel/framework/src/Illuminate/Pipeline/Pipeline.php(219): Illuminate/Cookie/Middleware/AddQueuedCookiesToResponse->handle(Object(Illuminate/Http/Request), Object(Closure))
#26 C:/laragon/www/POS_KYY/APK_POS_RISKI/vendor/laravel/framework/src/Illuminate/Cookie/Middleware/EncryptCookies.php(74): Illuminate/Pipeline/Pipeline->{closure:{closure:Illuminate/Pipeline/Pipeline::carry():194}:195}(Object(Illuminate/Http/Request))
#27 C:/laragon/www/POS_KYY/APK_POS_RISKI/vendor/laravel/framework/src/Illuminate/Pipeline/Pipeline.php(219): Illuminate/Cookie/Middleware/EncryptCookies->handle(Object(Illuminate/Http/Request), Object(Closure))
#28 C:/laragon/www/POS_KYY/APK_POS_RISKI/vendor/laravel/framework/src/Illuminate/Pipeline/Pipeline.php(137): Illuminate/Pipeline/Pipeline->{closure:{closure:Illuminate/Pipeline/Pipeline::carry():194}:195}(Object(Illuminate/Http/Request))
#29 C:/laragon/www/POS_KYY/APK_POS_RISKI/vendor/laravel/framework/src/Illuminate/Routing/Router.php(821): Illuminate/Pipeline/Pipeline->then(Object(Closure))
#30 C:/laragon/www/POS_KYY/APK_POS_RISKI/vendor/laravel/framework/src/Illuminate/Routing/Router.php(800): Illuminate/Routing/Router->runRouteWithinStack(Object(Illuminate/Routing/Route), Object(Illuminate/Http/Request))
#31 C:/laragon/www/POS_KYY/APK_POS_RISKI/vendor/laravel/framework/src/Illuminate/Routing/Router.php(764): Illuminate/Routing/Router->runRoute(Object(Illuminate/Http/Request), Object(Illuminate/Routing/Route))
#32 C:/laragon/www/POS_KYY/APK_POS_RISKI/vendor/laravel/framework/src/Illuminate/Routing/Router.php(753): Illuminate/Routing/Router->dispatchToRoute(Object(Illuminate/Http/Request))
#33 C:/laragon/www/POS_KYY/APK_POS_RISKI/vendor/laravel/framework/src/Illuminate/Foundation/Http/Kernel.php(200): Illuminate/Routing/Router->dispatch(Object(Illuminate/Http/Request))
#34 C:/laragon/www/POS_KYY/APK_POS_RISKI/vendor/laravel/framework/src/Illuminate/Pipeline/Pipeline.php(180): Illuminate/Foundation/Http/Kernel->{closure:Illuminate/Foundation/Http/Kernel::dispatchToRouter():197}(Object(Illuminate/Http/Request))
#35 C:/laragon/www/POS_KYY/APK_POS_RISKI/vendor/laravel/framework/src/Illuminate/Foundation/Http/Middleware/TransformsRequest.php(21): Illuminate/Pipeline/Pipeline->{closure:Illuminate/Pipeline/Pipeline::prepareDestination():178}(Object(Illuminate/Http/Request))
#36 C:/laragon/www/POS_KYY/APK_POS_RISKI/vendor/laravel/framework/src/Illuminate/Foundation/Http/Middleware/ConvertEmptyStringsToNull.php(31): Illuminate/Foundation/Http/Middleware/TransformsRequest->handle(Object(Illuminate/Http/Request), Object(Closure))
#37 C:/laragon/www/POS_KYY/APK_POS_RISKI/vendor/laravel/framework/src/Illuminate/Pipeline/Pipeline.php(219): Illuminate/Foundation/Http/Middleware/ConvertEmptyStringsToNull->handle(Object(Illuminate/Http/Request), Object(Closure))
#38 C:/laragon/www/POS_KYY/APK_POS_RISKI/vendor/laravel/framework/src/Illuminate/Foundation/Http/Middleware/TransformsRequest.php(21): Illuminate/Pipeline/Pipeline->{closure:{closure:Illuminate/Pipeline/Pipeline::carry():194}:195}(Object(Illuminate/Http/Request))
#39 C:/laragon/www/POS_KYY/APK_POS_RISKI/vendor/laravel/framework/src/Illuminate/Foundation/Http/Middleware/TrimStrings.php(51): Illuminate/Foundation/Http/Middleware/TransformsRequest->handle(Object(Illuminate/Http/Request), Object(Closure))
#40 C:/laragon/www/POS_KYY/APK_POS_RISKI/vendor/laravel/framework/src/Illuminate/Pipeline/Pipeline.php(219): Illuminate/Foundation/Http/Middleware/TrimStrings->handle(Object(Illuminate/Http/Request), Object(Closure))
#41 C:/laragon/www/POS_KYY/APK_POS_RISKI/vendor/laravel/framework/src/Illuminate/Http/Middleware/ValidatePostSize.php(27): Illuminate/Pipeline/Pipeline->{closure:{closure:Illuminate/Pipeline/Pipeline::carry():194}:195}(Object(Illuminate/Http/Request))
#42 C:/laragon/www/POS_KYY/APK_POS_RISKI/vendor/laravel/framework/src/Illuminate/Pipeline/Pipeline.php(219): Illuminate/Http/Middleware/ValidatePostSize->handle(Object(Illuminate/Http/Request), Object(Closure))
#43 C:/laragon/www/POS_KYY/APK_POS_RISKI/vendor/laravel/framework/src/Illuminate/Foundation/Http/Middleware/PreventRequestsDuringMaintenance.php(109): Illuminate/Pipeline/Pipeline->{closure:{closure:Illuminate/Pipeline/Pipeline::carry():194}:195}(Object(Illuminate/Http/Request))
#44 C:/laragon/www/POS_KYY/APK_POS_RISKI/vendor/laravel/framework/src/Illuminate/Pipeline/Pipeline.php(219): Illuminate/Foundation/Http/Middleware/PreventRequestsDuringMaintenance->handle(Object(Illuminate/Http/Request), Object(Closure))
#45 C:/laragon/www/POS_KYY/APK_POS_RISKI/vendor/laravel/framework/src/Illuminate/Http/Middleware/HandleCors.php(48): Illuminate/Pipeline/Pipeline->{closure:{closure:Illuminate/Pipeline/Pipeline::carry():194}:195}(Object(Illuminate/Http/Request))
#46 C:/laragon/www/POS_KYY/APK_POS_RISKI/vendor/laravel/framework/src/Illuminate/Pipeline/Pipeline.php(219): Illuminate/Http/Middleware/HandleCors->handle(Object(Illuminate/Http/Request), Object(Closure))
#47 C:/laragon/www/POS_KYY/APK_POS_RISKI/vendor/laravel/framework/src/Illuminate/Http/Middleware/TrustProxies.php(58): Illuminate/Pipeline/Pipeline->{closure:{closure:Illuminate/Pipeline/Pipeline::carry():194}:195}(Object(Illuminate/Http/Request))
#48 C:/laragon/www/POS_KYY/APK_POS_RISKI/vendor/laravel/framework/src/Illuminate/Pipeline/Pipeline.php(219): Illuminate/Http/Middleware/TrustProxies->handle(Object(Illuminate/Http/Request), Object(Closure))
#49 C:/laragon/www/POS_KYY/APK_POS_RISKI/vendor/laravel/framework/src/Illuminate/Foundation/Http/Middleware/InvokeDeferredCallbacks.php(22): Illuminate/Pipeline/Pipeline->{closure:{closure:Illuminate/Pipeline/Pipeline::carry():194}:195}(Object(Illuminate/Http/Request))
#50 C:/laragon/www/POS_KYY/APK_POS_RISKI/vendor/laravel/framework/src/Illuminate/Pipeline/Pipeline.php(219): Illuminate/Foundation/Http/Middleware/InvokeDeferredCallbacks->handle(Object(Illuminate/Http/Request), Object(Closure))
#51 C:/laragon/www/POS_KYY/APK_POS_RISKI/vendor/laravel/framework/src/Illuminate/Http/Middleware/ValidatePathEncoding.php(26): Illuminate/Pipeline/Pipeline->{closure:{closure:Illuminate/Pipeline/Pipeline::carry():194}:195}(Object(Illuminate/Http/Request))
#52 C:/laragon/www/POS_KYY/APK_POS_RISKI/vendor/laravel/framework/src/Illuminate/Pipeline/Pipeline.php(219): Illuminate/Http/Middleware/ValidatePathEncoding->handle(Object(Illuminate/Http/Request), Object(Closure))
#53 C:/laragon/www/POS_KYY/APK_POS_RISKI/vendor/laravel/framework/src/Illuminate/Pipeline/Pipeline.php(137): Illuminate/Pipeline/Pipeline->{closure:{closure:Illuminate/Pipeline/Pipeline::carry():194}:195}(Object(Illuminate/Http/Request))
#54 C:/laragon/www/POS_KYY/APK_POS_RISKI/vendor/laravel/framework/src/Illuminate/Foundation/Http/Kernel.php(175): Illuminate/Pipeline/Pipeline->then(Object(Closure))
#55 C:/laragon/www/POS_KYY/APK_POS_RISKI/vendor/laravel/framework/src/Illuminate/Foundation/Http/Kernel.php(144): Illuminate/Foundation/Http/Kernel->sendRequestThroughRouter(Object(Illuminate/Http/Request))
#56 C:/laragon/www/POS_KYY/APK_POS_RISKI/vendor/laravel/framework/src/Illuminate/Foundation/Application.php(1220): Illuminate/Foundation/Http/Kernel->handle(Object(Illuminate/Http/Request))
#57 C:/laragon/www/POS_KYY/APK_POS_RISKI/public/index.php(20): Illuminate/Foundation/Application->handleRequest(Object(Illuminate/Http/Request))
#58 C:/laragon/www/POS_KYY/APK_POS_RISKI/vendor/laravel/framework/src/Illuminate/Foundation/resources/server.php(23): require_once('C://laragon//www//...')
#59 {main}

[previous exception] [object] (ErrorException(code: 0): Undefined variable $products at C:/laragon/www/POS_KYY/APK_POS_RISKI/storage/framework/views/f5a1579644cb7b4a7fc684e8af49f772.php:103)
[stacktrace]
#0 C:/laragon/www/POS_KYY/APK_POS_RISKI/vendor/laravel/framework/src/Illuminate/Foundation/Bootstrap/HandleExceptions.php(258): Illuminate/Foundation/Bootstrap/HandleExceptions->handleError(2, 'Undefined varia...', 'C://laragon//www//...', 103)
#1 C:/laragon/www/POS_KYY/APK_POS_RISKI/storage/framework/views/f5a1579644cb7b4a7fc684e8af49f772.php(103): Illuminate/Foundation/Bootstrap/HandleExceptions->{closure:Illuminate/Foundation/Bootstrap/HandleExceptions::forwardsTo():257}(2, 'Undefined varia...', 'C://laragon//www//...', 103)
#2 C:/laragon/www/POS_KYY/APK_POS_RISKI/vendor/laravel/framework/src/Illuminate/Filesystem/Filesystem.php(123): require('C://laragon//www//...')
#3 C:/laragon/www/POS_KYY/APK_POS_RISKI/vendor/laravel/framework/src/Illuminate/Filesystem/Filesystem.php(124): Illuminate/Filesystem/Filesystem::{closure:Illuminate/Filesystem/Filesystem::getRequire():120}()
#4 C:/laragon/www/POS_KYY/APK_POS_RISKI/vendor/laravel/framework/src/Illuminate/View/Engines/PhpEngine.php(57): Illuminate/Filesystem/Filesystem->getRequire('C://laragon//www//...', Array)
#5 C:/laragon/www/POS_KYY/APK_POS_RISKI/vendor/laravel/framework/src/Illuminate/View/Engines/CompilerEngine.php(76): Illuminate/View/Engines/PhpEngine->evaluatePath('C://laragon//www//...', Array)
#6 C:/laragon/www/POS_KYY/APK_POS_RISKI/vendor/laravel/framework/src/Illuminate/View/View.php(208): Illuminate/View/Engines/CompilerEngine->get('C://laragon//www//...', Array)
#7 C:/laragon/www/POS_KYY/APK_POS_RISKI/vendor/laravel/framework/src/Illuminate/View/View.php(191): Illuminate/View/View->getContents()
#8 C:/laragon/www/POS_KYY/APK_POS_RISKI/vendor/laravel/framework/src/Illuminate/View/View.php(160): Illuminate/View/View->renderContents()
#9 C:/laragon/www/POS_KYY/APK_POS_RISKI/vendor/laravel/framework/src/Illuminate/Http/Response.php(78): Illuminate/View/View->render()
#10 C:/laragon/www/POS_KYY/APK_POS_RISKI/vendor/laravel/framework/src/Illuminate/Http/Response.php(34): Illuminate/Http/Response->setContent(Object(Illuminate/View/View))
#11 C:/laragon/www/POS_KYY/APK_POS_RISKI/vendor/laravel/framework/src/Illuminate/Routing/Router.php(939): Illuminate/Http/Response->__construct(Object(Illuminate/View/View), 200, Array)
#12 C:/laragon/www/POS_KYY/APK_POS_RISKI/vendor/laravel/framework/src/Illuminate/Routing/Router.php(906): Illuminate/Routing/Router::toResponse(Object(Illuminate/Http/Request), Object(Illuminate/View/View))
#13 C:/laragon/www/POS_KYY/APK_POS_RISKI/vendor/laravel/framework/src/Illuminate/Routing/Router.php(821): Illuminate/Routing/Router->prepareResponse(Object(Illuminate/Http/Request), Object(Illuminate/View/View))
#14 C:/laragon/www/POS_KYY/APK_POS_RISKI/vendor/laravel/framework/src/Illuminate/Pipeline/Pipeline.php(180): Illuminate/Routing/Router->{closure:Illuminate/Routing/Router::runRouteWithinStack():821}(Object(Illuminate/Http/Request))
#15 C:/laragon/www/POS_KYY/APK_POS_RISKI/app/Http/Middleware/RoleMiddleware.php(23): Illuminate/Pipeline/Pipeline->{closure:Illuminate/Pipeline/Pipeline::prepareDestination():178}(Object(Illuminate/Http/Request))
#16 C:/laragon/www/POS_KYY/APK_POS_RISKI/vendor/laravel/framework/src/Illuminate/Pipeline/Pipeline.php(219): App/Http/Middleware/RoleMiddleware->handle(Object(Illuminate/Http/Request), Object(Closure), 'admin')
#17 C:/laragon/www/POS_KYY/APK_POS_RISKI/vendor/laravel/framework/src/Illuminate/Routing/Middleware/SubstituteBindings.php(50): Illuminate/Pipeline/Pipeline->{closure:{closure:Illuminate/Pipeline/Pipeline::carry():194}:195}(Object(Illuminate/Http/Request))
#18 C:/laragon/www/POS_KYY/APK_POS_RISKI/vendor/laravel/framework/src/Illuminate/Pipeline/Pipeline.php(219): Illuminate/Routing/Middleware/SubstituteBindings->handle(Object(Illuminate/Http/Request), Object(Closure))
#19 C:/laragon/www/POS_KYY/APK_POS_RISKI/vendor/laravel/framework/src/Illuminate/Auth/Middleware/Authenticate.php(63): Illuminate/Pipeline/Pipeline->{closure:{closure:Illuminate/Pipeline/Pipeline::carry():194}:195}(Object(Illuminate/Http/Request))
#20 C:/laragon/www/POS_KYY/APK_POS_RISKI/vendor/laravel/framework/src/Illuminate/Pipeline/Pipeline.php(219): Illuminate/Auth/Middleware/Authenticate->handle(Object(Illuminate/Http/Request), Object(Closure))
#21 C:/laragon/www/POS_KYY/APK_POS_RISKI/vendor/laravel/framework/src/Illuminate/Foundation/Http/Middleware/VerifyCsrfToken.php(87): Illuminate/Pipeline/Pipeline->{closure:{closure:Illuminate/Pipeline/Pipeline::carry():194}:195}(Object(Illuminate/Http/Request))
#22 C:/laragon/www/POS_KYY/APK_POS_RISKI/vendor/laravel/framework/src/Illuminate/Pipeline/Pipeline.php(219): Illuminate/Foundation/Http/Middleware/VerifyCsrfToken->handle(Object(Illuminate/Http/Request), Object(Closure))
#23 C:/laragon/www/POS_KYY/APK_POS_RISKI/vendor/laravel/framework/src/Illuminate/View/Middleware/ShareErrorsFromSession.php(48): Illuminate/Pipeline/Pipeline->{closure:{closure:Illuminate/Pipeline/Pipeline::carry():194}:195}(Object(Illuminate/Http/Request))
#24 C:/laragon/www/POS_KYY/APK_POS_RISKI/vendor/laravel/framework/src/Illuminate/Pipeline/Pipeline.php(219): Illuminate/View/Middleware/ShareErrorsFromSession->handle(Object(Illuminate/Http/Request), Object(Closure))
#25 C:/laragon/www/POS_KYY/APK_POS_RISKI/vendor/laravel/framework/src/Illuminate/Session/Middleware/StartSession.php(120): Illuminate/Pipeline/Pipeline->{closure:{closure:Illuminate/Pipeline/Pipeline::carry():194}:195}(Object(Illuminate/Http/Request))
#26 C:/laragon/www/POS_KYY/APK_POS_RISKI/vendor/laravel/framework/src/Illuminate/Session/Middleware/StartSession.php(63): Illuminate/Session/Middleware/StartSession->handleStatefulRequest(Object(Illuminate/Http/Request), Object(Illuminate/Session/Store), Object(Closure))
#27 C:/laragon/www/POS_KYY/APK_POS_RISKI/vendor/laravel/framework/src/Illuminate/Pipeline/Pipeline.php(219): Illuminate/Session/Middleware/StartSession->handle(Object(Illuminate/Http/Request), Object(Closure))
#28 C:/laragon/www/POS_KYY/APK_POS_RISKI/vendor/laravel/framework/src/Illuminate/Cookie/Middleware/AddQueuedCookiesToResponse.php(36): Illuminate/Pipeline/Pipeline->{closure:{closure:Illuminate/Pipeline/Pipeline::carry():194}:195}(Object(Illuminate/Http/Request))
#29 C:/laragon/www/POS_KYY/APK_POS_RISKI/vendor/laravel/framework/src/Illuminate/Pipeline/Pipeline.php(219): Illuminate/Cookie/Middleware/AddQueuedCookiesToResponse->handle(Object(Illuminate/Http/Request), Object(Closure))
#30 C:/laragon/www/POS_KYY/APK_POS_RISKI/vendor/laravel/framework/src/Illuminate/Cookie/Middleware/EncryptCookies.php(74): Illuminate/Pipeline/Pipeline->{closure:{closure:Illuminate/Pipeline/Pipeline::carry():194}:195}(Object(Illuminate/Http/Request))
#31 C:/laragon/www/POS_KYY/APK_POS_RISKI/vendor/laravel/framework/src/Illuminate/Pipeline/Pipeline.php(219): Illuminate/Cookie/Middleware/EncryptCookies->handle(Object(Illuminate/Http/Request), Object(Closure))
#32 C:/laragon/www/POS_KYY/APK_POS_RISKI/vendor/laravel/framework/src/Illuminate/Pipeline/Pipeline.php(137): Illuminate/Pipeline/Pipeline->{closure:{closure:Illuminate/Pipeline/Pipeline::carry():194}:195}(Object(Illuminate/Http/Request))
#33 C:/laragon/www/POS_KYY/APK_POS_RISKI/vendor/laravel/framework/src/Illuminate/Routing/Router.php(821): Illuminate/Pipeline/Pipeline->then(Object(Closure))
#34 C:/laragon/www/POS_KYY/APK_POS_RISKI/vendor/laravel/framework/src/Illuminate/Routing/Router.php(800): Illuminate/Routing/Router->runRouteWithinStack(Object(Illuminate/Routing/Route), Object(Illuminate/Http/Request))
#35 C:/laragon/www/POS_KYY/APK_POS_RISKI/vendor/laravel/framework/src/Illuminate/Routing/Router.php(764): Illuminate/Routing/Router->runRoute(Object(Illuminate/Http/Request), Object(Illuminate/Routing/Route))
#36 C:/laragon/www/POS_KYY/APK_POS_RISKI/vendor/laravel/framework/src/Illuminate/Routing/Router.php(753): Illuminate/Routing/Router->dispatchToRoute(Object(Illuminate/Http/Request))
#37 C:/laragon/www/POS_KYY/APK_POS_RISKI/vendor/laravel/framework/src/Illuminate/Foundation/Http/Kernel.php(200): Illuminate/Routing/Router->dispatch(Object(Illuminate/Http/Request))
#38 C:/laragon/www/POS_KYY/APK_POS_RISKI/vendor/laravel/framework/src/Illuminate/Pipeline/Pipeline.php(180): Illuminate/Foundation/Http/Kernel->{closure:Illuminate/Foundation/Http/Kernel::dispatchToRouter():197}(Object(Illuminate/Http/Request))
#39 C:/laragon/www/POS_KYY/APK_POS_RISKI/vendor/laravel/framework/src/Illuminate/Foundation/Http/Middleware/TransformsRequest.php(21): Illuminate/Pipeline/Pipeline->{closure:Illuminate/Pipeline/Pipeline::prepareDestination():178}(Object(Illuminate/Http/Request))
#40 C:/laragon/www/POS_KYY/APK_POS_RISKI/vendor/laravel/framework/src/Illuminate/Foundation/Http/Middleware/ConvertEmptyStringsToNull.php(31): Illuminate/Foundation/Http/Middleware/TransformsRequest->handle(Object(Illuminate/Http/Request), Object(Closure))
#41 C:/laragon/www/POS_KYY/APK_POS_RISKI/vendor/laravel/framework/src/Illuminate/Pipeline/Pipeline.php(219): Illuminate/Foundation/Http/Middleware/ConvertEmptyStringsToNull->handle(Object(Illuminate/Http/Request), Object(Closure))
#42 C:/laragon/www/POS_KYY/APK_POS_RISKI/vendor/laravel/framework/src/Illuminate/Foundation/Http/Middleware/TransformsRequest.php(21): Illuminate/Pipeline/Pipeline->{closure:{closure:Illuminate/Pipeline/Pipeline::carry():194}:195}(Object(Illuminate/Http/Request))
#43 C:/laragon/www/POS_KYY/APK_POS_RISKI/vendor/laravel/framework/src/Illuminate/Foundation/Http/Middleware/TrimStrings.php(51): Illuminate/Foundation/Http/Middleware/TransformsRequest->handle(Object(Illuminate/Http/Request), Object(Closure))
#44 C:/laragon/www/POS_KYY/APK_POS_RISKI/vendor/laravel/framework/src/Illuminate/Pipeline/Pipeline.php(219): Illuminate/Foundation/Http/Middleware/TrimStrings->handle(Object(Illuminate/Http/Request), Object(Closure))
#45 C:/laragon/www/POS_KYY/APK_POS_RISKI/vendor/laravel/framework/src/Illuminate/Http/Middleware/ValidatePostSize.php(27): Illuminate/Pipeline/Pipeline->{closure:{closure:Illuminate/Pipeline/Pipeline::carry():194}:195}(Object(Illuminate/Http/Request))
#46 C:/laragon/www/POS_KYY/APK_POS_RISKI/vendor/laravel/framework/src/Illuminate/Pipeline/Pipeline.php(219): Illuminate/Http/Middleware/ValidatePostSize->handle(Object(Illuminate/Http/Request), Object(Closure))
#47 C:/laragon/www/POS_KYY/APK_POS_RISKI/vendor/laravel/framework/src/Illuminate/Foundation/Http/Middleware/PreventRequestsDuringMaintenance.php(109): Illuminate/Pipeline/Pipeline->{closure:{closure:Illuminate/Pipeline/Pipeline::carry():194}:195}(Object(Illuminate/Http/Request))
#48 C:/laragon/www/POS_KYY/APK_POS_RISKI/vendor/laravel/framework/src/Illuminate/Pipeline/Pipeline.php(219): Illuminate/Foundation/Http/Middleware/PreventRequestsDuringMaintenance->handle(Object(Illuminate/Http/Request), Object(Closure))
#49 C:/laragon/www/POS_KYY/APK_POS_RISKI/vendor/laravel/framework/src/Illuminate/Http/Middleware/HandleCors.php(48): Illuminate/Pipeline/Pipeline->{closure:{closure:Illuminate/Pipeline/Pipeline::carry():194}:195}(Object(Illuminate/Http/Request))
#50 C:/laragon/www/POS_KYY/APK_POS_RISKI/vendor/laravel/framework/src/Illuminate/Pipeline/Pipeline.php(219): Illuminate/Http/Middleware/HandleCors->handle(Object(Illuminate/Http/Request), Object(Closure))
#51 C:/laragon/www/POS_KYY/APK_POS_RISKI/vendor/laravel/framework/src/Illuminate/Http/Middleware/TrustProxies.php(58): Illuminate/Pipeline/Pipeline->{closure:{closure:Illuminate/Pipeline/Pipeline::carry():194}:195}(Object(Illuminate/Http/Request))
#52 C:/laragon/www/POS_KYY/APK_POS_RISKI/vendor/laravel/framework/src/Illuminate/Pipeline/Pipeline.php(219): Illuminate/Http/Middleware/TrustProxies->handle(Object(Illuminate/Http/Request), Object(Closure))
#53 C:/laragon/www/POS_KYY/APK_POS_RISKI/vendor/laravel/framework/src/Illuminate/Foundation/Http/Middleware/InvokeDeferredCallbacks.php(22): Illuminate/Pipeline/Pipeline->{closure:{closure:Illuminate/Pipeline/Pipeline::carry():194}:195}(Object(Illuminate/Http/Request))
#54 C:/laragon/www/POS_KYY/APK_POS_RISKI/vendor/laravel/framework/src/Illuminate/Pipeline/Pipeline.php(219): Illuminate/Foundation/Http/Middleware/InvokeDeferredCallbacks->handle(Object(Illuminate/Http/Request), Object(Closure))
#55 C:/laragon/www/POS_KYY/APK_POS_RISKI/vendor/laravel/framework/src/Illuminate/Http/Middleware/ValidatePathEncoding.php(26): Illuminate/Pipeline/Pipeline->{closure:{closure:Illuminate/Pipeline/Pipeline::carry():194}:195}(Object(Illuminate/Http/Request))
#56 C:/laragon/www/POS_KYY/APK_POS_RISKI/vendor/laravel/framework/src/Illuminate/Pipeline/Pipeline.php(219): Illuminate/Http/Middleware/ValidatePathEncoding->handle(Object(Illuminate/Http/Request), Object(Closure))
#57 C:/laragon/www/POS_KYY/APK_POS_RISKI/vendor/laravel/framework/src/Illuminate/Pipeline/Pipeline.php(137): Illuminate/Pipeline/Pipeline->{closure:{closure:Illuminate/Pipeline/Pipeline::carry():194}:195}(Object(Illuminate/Http/Request))
#58 C:/laragon/www/POS_KYY/APK_POS_RISKI/vendor/laravel/framework/src/Illuminate/Foundation/Http/Kernel.php(175): Illuminate/Pipeline/Pipeline->then(Object(Closure))
#59 C:/laragon/www/POS_KYY/APK_POS_RISKI/vendor/laravel/framework/src/Illuminate/Foundation/Http/Kernel.php(144): Illuminate/Foundation/Http/Kernel->sendRequestThroughRouter(Object(Illuminate/Http/Request))
#60 C:/laragon/www/POS_KYY/APK_POS_RISKI/vendor/laravel/framework/src/Illuminate/Foundation/Application.php(1220): Illuminate/Foundation/Http/Kernel->handle(Object(Illuminate/Http/Request))
#61 C:/laragon/www/POS_KYY/APK_POS_RISKI/public/index.php(20): Illuminate/Foundation/Application->handleRequest(Object(Illuminate/Http/Request))
#62 C:/laragon/www/POS_KYY/APK_POS_RISKI/vendor/laravel/framework/src/Illuminate/Foundation/resources/server.php(23): require_once('C://laragon//www//...')
#63 {main}
"} 
[2026-08-19 04:10:27] local.ERROR: There are no commands defined in the "strage" namespace.

Did you mean this?
    storage {"exception":"[object] (Symfony\\Component\\Console\\Exception\\NamespaceNotFoundException(code: 0): There are no commands defined in the \"strage\" namespace.

Did you mean this?
    storage at C:/laragon/www/POS_KYY/APK_POS_RISKI/vendor/symfony/console/Application.php:694)
[stacktrace]
#0 C:/laragon/www/POS_KYY/APK_POS_RISKI/vendor/symfony/console/Application.php(743): Symfony/Component/Console/Application->findNamespace('strage')
#1 C:/laragon/www/POS_KYY/APK_POS_RISKI/vendor/symfony/console/Application.php(298): Symfony/Component/Console/Application->find('strage:link')
#2 C:/laragon/www/POS_KYY/APK_POS_RISKI/vendor/symfony/console/Application.php(195): Symfony/Component/Console/Application->doRun(Object(Symfony/Component/Console/Input/ArgvInput), Object(Symfony/Component/Console/Output/ConsoleOutput))
#3 C:/laragon/www/POS_KYY/APK_POS_RISKI/vendor/laravel/framework/src/Illuminate/Foundation/Console/Kernel.php(198): Symfony/Component/Console/Application->run(Object(Symfony/Component/Console/Input/ArgvInput), Object(Symfony/Component/Console/Output/ConsoleOutput))
#4 C:/laragon/www/POS_KYY/APK_POS_RISKI/vendor/laravel/framework/src/Illuminate/Foundation/Application.php(1235): Illuminate/Foundation/Console/Kernel->handle(Object(Symfony/Component/Console/Input/ArgvInput), Object(Symfony/Component/Console/Output/ConsoleOutput))
#5 C:/laragon/www/POS_KYY/APK_POS_RISKI/artisan(16): Illuminate/Foundation/Application->handleCommand(Object(Symfony/Component/Console/Input/ArgvInput))
#6 {main}
"} 
[2026-08-20 07:10:19] local.ERROR: Route [users.index] not defined. (View: C:\laragon\www\POS_KYY\APK_POS_RISKI\resources\views\layouts\navbar.blade.php) (View: C:\laragon\www\POS_KYY\APK_POS_RISKI\resources\views\layouts\navbar.blade.php) {"userId":1,"exception":"[object] (Illuminate\\View\\ViewException(code: 0): Route [users.index] not defined. (View: C:\\laragon\\www\\POS_KYY\\APK_POS_RISKI\\resources\\views\\layouts\\navbar.blade.php) (View: C:\\laragon\\www\\POS_KYY\\APK_POS_RISKI\\resources\\views\\layouts\\navbar.blade.php) at C:/laragon/www/POS_KYY/APK_POS_RISKI/vendor/laravel/framework/src/Illuminate/Routing/UrlGenerator.php:526)
[stacktrace]
#0 C:/laragon/www/POS_KYY/APK_POS_RISKI/vendor/laravel/framework/src/Illuminate/View/Engines/PhpEngine.php(59): Illuminate/View/Engines/CompilerEngine->handleViewException(Object(Illuminate/View/ViewException), 1)
#1 C:/laragon/www/POS_KYY/APK_POS_RISKI/vendor/laravel/framework/src/Illuminate/View/Engines/CompilerEngine.php(76): Illuminate/View/Engines/PhpEngine->evaluatePath('C://laragon//www//...', Array)
#2 C:/laragon/www/POS_KYY/APK_POS_RISKI/vendor/laravel/framework/src/Illuminate/View/View.php(208): Illuminate/View/Engines/CompilerEngine->get('C://laragon//www//...', Array)
#3 C:/laragon/www/POS_KYY/APK_POS_RISKI/vendor/laravel/framework/src/Illuminate/View/View.php(191): Illuminate/View/View->getContents()
#4 C:/laragon/www/POS_KYY/APK_POS_RISKI/vendor/laravel/framework/src/Illuminate/View/View.php(160): Illuminate/View/View->renderContents()
#5 C:/laragon/www/POS_KYY/APK_POS_RISKI/vendor/laravel/framework/src/Illuminate/Http/Response.php(78): Illuminate/View/View->render()
#6 C:/laragon/www/POS_KYY/APK_POS_RISKI/vendor/laravel/framework/src/Illuminate/Http/Response.php(34): Illuminate/Http/Response->setContent(Object(Illuminate/View/View))
#7 C:/laragon/www/POS_KYY/APK_POS_RISKI/vendor/laravel/framework/src/Illuminate/Routing/Router.php(939): Illuminate/Http/Response->__construct(Object(Illuminate/View/View), 200, Array)
#8 C:/laragon/www/POS_KYY/APK_POS_RISKI/vendor/laravel/framework/src/Illuminate/Routing/Router.php(906): Illuminate/Routing/Router::toResponse(Object(Illuminate/Http/Request), Object(Illuminate/View/View))
#9 C:/laragon/www/POS_KYY/APK_POS_RISKI/vendor/laravel/framework/src/Illuminate/Routing/Router.php(821): Illuminate/Routing/Router->prepareResponse(Object(Illuminate/Http/Request), Object(Illuminate/View/View))
#10 C:/laragon/www/POS_KYY/APK_POS_RISKI/vendor/laravel/framework/src/Illuminate/Pipeline/Pipeline.php(180): Illuminate/Routing/Router->{closure:Illuminate/Routing/Router::runRouteWithinStack():821}(Object(Illuminate/Http/Request))
#11 C:/laragon/www/POS_KYY/APK_POS_RISKI/app/Http/Middleware/RoleMiddleware.php(23): Illuminate/Pipeline/Pipeline->{closure:Illuminate/Pipeline/Pipeline::prepareDestination():178}(Object(Illuminate/Http/Request))
#12 C:/laragon/www/POS_KYY/APK_POS_RISKI/vendor/laravel/framework/src/Illuminate/Pipeline/Pipeline.php(219): App/Http/Middleware/RoleMiddleware->handle(Object(Illuminate/Http/Request), Object(Closure), 'admin', 'kasir')
#13 C:/laragon/www/POS_KYY/APK_POS_RISKI/vendor/laravel/framework/src/Illuminate/Routing/Middleware/SubstituteBindings.php(50): Illuminate/Pipeline/Pipeline->{closure:{closure:Illuminate/Pipeline/Pipeline::carry():194}:195}(Object(Illuminate/Http/Request))
#14 C:/laragon/www/POS_KYY/APK_POS_RISKI/vendor/laravel/framework/src/Illuminate/Pipeline/Pipeline.php(219): Illuminate/Routing/Middleware/SubstituteBindings->handle(Object(Illuminate/Http/Request), Object(Closure))
#15 C:/laragon/www/POS_KYY/APK_POS_RISKI/vendor/laravel/framework/src/Illuminate/Auth/Middleware/Authenticate.php(63): Illuminate/Pipeline/Pipeline->{closure:{closure:Illuminate/Pipeline/Pipeline::carry():194}:195}(Object(Illuminate/Http/Request))
#16 C:/laragon/www/POS_KYY/APK_POS_RISKI/vendor/laravel/framework/src/Illuminate/Pipeline/Pipeline.php(219): Illuminate/Auth/Middleware/Authenticate->handle(Object(Illuminate/Http/Request), Object(Closure))
#17 C:/laragon/www/POS_KYY/APK_POS_RISKI/vendor/laravel/framework/src/Illuminate/Foundation/Http/Middleware/VerifyCsrfToken.php(87): Illuminate/Pipeline/Pipeline->{closure:{closure:Illuminate/Pipeline/Pipeline::carry():194}:195}(Object(Illuminate/Http/Request))
#18 C:/laragon/www/POS_KYY/APK_POS_RISKI/vendor/laravel/framework/src/Illuminate/Pipeline/Pipeline.php(219): Illuminate/Foundation/Http/Middleware/VerifyCsrfToken->handle(Object(Illuminate/Http/Request), Object(Closure))
#19 C:/laragon/www/POS_KYY/APK_POS_RISKI/vendor/laravel/framework/src/Illuminate/View/Middleware/ShareErrorsFromSession.php(48): Illuminate/Pipeline/Pipeline->{closure:{closure:Illuminate/Pipeline/Pipeline::carry():194}:195}(Object(Illuminate/Http/Request))
#20 C:/laragon/www/POS_KYY/APK_POS_RISKI/vendor/laravel/framework/src/Illuminate/Pipeline/Pipeline.php(219): Illuminate/View/Middleware/ShareErrorsFromSession->handle(Object(Illuminate/Http/Request), Object(Closure))
#21 C:/laragon/www/POS_KYY/APK_POS_RISKI/vendor/laravel/framework/src/Illuminate/Session/Middleware/StartSession.php(120): Illuminate/Pipeline/Pipeline->{closure:{closure:Illuminate/Pipeline/Pipeline::carry():194}:195}(Object(Illuminate/Http/Request))
#22 C:/laragon/www/POS_KYY/APK_POS_RISKI/vendor/laravel/framework/src/Illuminate/Session/Middleware/StartSession.php(63): Illuminate/Session/Middleware/StartSession->handleStatefulRequest(Object(Illuminate/Http/Request), Object(Illuminate/Session/Store), Object(Closure))
#23 C:/laragon/www/POS_KYY/APK_POS_RISKI/vendor/laravel/framework/src/Illuminate/Pipeline/Pipeline.php(219): Illuminate/Session/Middleware/StartSession->handle(Object(Illuminate/Http/Request), Object(Closure))
#24 C:/laragon/www/POS_KYY/APK_POS_RISKI/vendor/laravel/framework/src/Illuminate/Cookie/Middleware/AddQueuedCookiesToResponse.php(36): Illuminate/Pipeline/Pipeline->{closure:{closure:Illuminate/Pipeline/Pipeline::carry():194}:195}(Object(Illuminate/Http/Request))
#25 C:/laragon/www/POS_KYY/APK_POS_RISKI/vendor/laravel/framework/src/Illuminate/Pipeline/Pipeline.php(219): Illuminate/Cookie/Middleware/AddQueuedCookiesToResponse->handle(Object(Illuminate/Http/Request), Object(Closure))
#26 C:/laragon/www/POS_KYY/APK_POS_RISKI/vendor/laravel/framework/src/Illuminate/Cookie/Middleware/EncryptCookies.php(74): Illuminate/Pipeline/Pipeline->{closure:{closure:Illuminate/Pipeline/Pipeline::carry():194}:195}(Object(Illuminate/Http/Request))
#27 C:/laragon/www/POS_KYY/APK_POS_RISKI/vendor/laravel/framework/src/Illuminate/Pipeline/Pipeline.php(219): Illuminate/Cookie/Middleware/EncryptCookies->handle(Object(Illuminate/Http/Request), Object(Closure))
#28 C:/laragon/www/POS_KYY/APK_POS_RISKI/vendor/laravel/framework/src/Illuminate/Pipeline/Pipeline.php(137): Illuminate/Pipeline/Pipeline->{closure:{closure:Illuminate/Pipeline/Pipeline::carry():194}:195}(Object(Illuminate/Http/Request))
#29 C:/laragon/www/POS_KYY/APK_POS_RISKI/vendor/laravel/framework/src/Illuminate/Routing/Router.php(821): Illuminate/Pipeline/Pipeline->then(Object(Closure))
#30 C:/laragon/www/POS_KYY/APK_POS_RISKI/vendor/laravel/framework/src/Illuminate/Routing/Router.php(800): Illuminate/Routing/Router->runRouteWithinStack(Object(Illuminate/Routing/Route), Object(Illuminate/Http/Request))
#31 C:/laragon/www/POS_KYY/APK_POS_RISKI/vendor/laravel/framework/src/Illuminate/Routing/Router.php(764): Illuminate/Routing/Router->runRoute(Object(Illuminate/Http/Request), Object(Illuminate/Routing/Route))
#32 C:/laragon/www/POS_KYY/APK_POS_RISKI/vendor/laravel/framework/src/Illuminate/Routing/Router.php(753): Illuminate/Routing/Router->dispatchToRoute(Object(Illuminate/Http/Request))
#33 C:/laragon/www/POS_KYY/APK_POS_RISKI/vendor/laravel/framework/src/Illuminate/Foundation/Http/Kernel.php(200): Illuminate/Routing/Router->dispatch(Object(Illuminate/Http/Request))
#34 C:/laragon/www/POS_KYY/APK_POS_RISKI/vendor/laravel/framework/src/Illuminate/Pipeline/Pipeline.php(180): Illuminate/Foundation/Http/Kernel->{closure:Illuminate/Foundation/Http/Kernel::dispatchToRouter():197}(Object(Illuminate/Http/Request))
#35 C:/laragon/www/POS_KYY/APK_POS_RISKI/vendor/laravel/framework/src/Illuminate/Foundation/Http/Middleware/TransformsRequest.php(21): Illuminate/Pipeline/Pipeline->{closure:Illuminate/Pipeline/Pipeline::prepareDestination():178}(Object(Illuminate/Http/Request))
#36 C:/laragon/www/POS_KYY/APK_POS_RISKI/vendor/laravel/framework/src/Illuminate/Foundation/Http/Middleware/ConvertEmptyStringsToNull.php(31): Illuminate/Foundation/Http/Middleware/TransformsRequest->handle(Object(Illuminate/Http/Request), Object(Closure))
#37 C:/laragon/www/POS_KYY/APK_POS_RISKI/vendor/laravel/framework/src/Illuminate/Pipeline/Pipeline.php(219): Illuminate/Foundation/Http/Middleware/ConvertEmptyStringsToNull->handle(Object(Illuminate/Http/Request), Object(Closure))
#38 C:/laragon/www/POS_KYY/APK_POS_RISKI/vendor/laravel/framework/src/Illuminate/Foundation/Http/Middleware/TransformsRequest.php(21): Illuminate/Pipeline/Pipeline->{closure:{closure:Illuminate/Pipeline/Pipeline::carry():194}:195}(Object(Illuminate/Http/Request))
#39 C:/laragon/www/POS_KYY/APK_POS_RISKI/vendor/laravel/framework/src/Illuminate/Foundation/Http/Middleware/TrimStrings.php(51): Illuminate/Foundation/Http/Middleware/TransformsRequest->handle(Object(Illuminate/Http/Request), Object(Closure))
#40 C:/laragon/www/POS_KYY/APK_POS_RISKI/vendor/laravel/framework/src/Illuminate/Pipeline/Pipeline.php(219): Illuminate/Foundation/Http/Middleware/TrimStrings->handle(Object(Illuminate/Http/Request), Object(Closure))
#41 C:/laragon/www/POS_KYY/APK_POS_RISKI/vendor/laravel/framework/src/Illuminate/Http/Middleware/ValidatePostSize.php(27): Illuminate/Pipeline/Pipeline->{closure:{closure:Illuminate/Pipeline/Pipeline::carry():194}:195}(Object(Illuminate/Http/Request))
#42 C:/laragon/www/POS_KYY/APK_POS_RISKI/vendor/laravel/framework/src/Illuminate/Pipeline/Pipeline.php(219): Illuminate/Http/Middleware/ValidatePostSize->handle(Object(Illuminate/Http/Request), Object(Closure))
#43 C:/laragon/www/POS_KYY/APK_POS_RISKI/vendor/laravel/framework/src/Illuminate/Foundation/Http/Middleware/PreventRequestsDuringMaintenance.php(109): Illuminate/Pipeline/Pipeline->{closure:{closure:Illuminate/Pipeline/Pipeline::carry():194}:195}(Object(Illuminate/Http/Request))
#44 C:/laragon/www/POS_KYY/APK_POS_RISKI/vendor/laravel/framework/src/Illuminate/Pipeline/Pipeline.php(219): Illuminate/Foundation/Http/Middleware/PreventRequestsDuringMaintenance->handle(Object(Illuminate/Http/Request), Object(Closure))
#45 C:/laragon/www/POS_KYY/APK_POS_RISKI/vendor/laravel/framework/src/Illuminate/Http/Middleware/HandleCors.php(48): Illuminate/Pipeline/Pipeline->{closure:{closure:Illuminate/Pipeline/Pipeline::carry():194}:195}(Object(Illuminate/Http/Request))
#46 C:/laragon/www/POS_KYY/APK_POS_RISKI/vendor/laravel/framework/src/Illuminate/Pipeline/Pipeline.php(219): Illuminate/Http/Middleware/HandleCors->handle(Object(Illuminate/Http/Request), Object(Closure))
#47 C:/laragon/www/POS_KYY/APK_POS_RISKI/vendor/laravel/framework/src/Illuminate/Http/Middleware/TrustProxies.php(58): Illuminate/Pipeline/Pipeline->{closure:{closure:Illuminate/Pipeline/Pipeline::carry():194}:195}(Object(Illuminate/Http/Request))
#48 C:/laragon/www/POS_KYY/APK_POS_RISKI/vendor/laravel/framework/src/Illuminate/Pipeline/Pipeline.php(219): Illuminate/Http/Middleware/TrustProxies->handle(Object(Illuminate/Http/Request), Object(Closure))
#49 C:/laragon/www/POS_KYY/APK_POS_RISKI/vendor/laravel/framework/src/Illuminate/Foundation/Http/Middleware/InvokeDeferredCallbacks.php(22): Illuminate/Pipeline/Pipeline->{closure:{closure:Illuminate/Pipeline/Pipeline::carry():194}:195}(Object(Illuminate/Http/Request))
#50 C:/laragon/www/POS_KYY/APK_POS_RISKI/vendor/laravel/framework/src/Illuminate/Pipeline/Pipeline.php(219): Illuminate/Foundation/Http/Middleware/InvokeDeferredCallbacks->handle(Object(Illuminate/Http/Request), Object(Closure))
#51 C:/laragon/www/POS_KYY/APK_POS_RISKI/vendor/laravel/framework/src/Illuminate/Http/Middleware/ValidatePathEncoding.php(26): Illuminate/Pipeline/Pipeline->{closure:{closure:Illuminate/Pipeline/Pipeline::carry():194}:195}(Object(Illuminate/Http/Request))
#52 C:/laragon/www/POS_KYY/APK_POS_RISKI/vendor/laravel/framework/src/Illuminate/Pipeline/Pipeline.php(219): Illuminate/Http/Middleware/ValidatePathEncoding->handle(Object(Illuminate/Http/Request), Object(Closure))
#53 C:/laragon/www/POS_KYY/APK_POS_RISKI/vendor/laravel/framework/src/Illuminate/Pipeline/Pipeline.php(137): Illuminate/Pipeline/Pipeline->{closure:{closure:Illuminate/Pipeline/Pipeline::carry():194}:195}(Object(Illuminate/Http/Request))
#54 C:/laragon/www/POS_KYY/APK_POS_RISKI/vendor/laravel/framework/src/Illuminate/Foundation/Http/Kernel.php(175): Illuminate/Pipeline/Pipeline->then(Object(Closure))
#55 C:/laragon/www/POS_KYY/APK_POS_RISKI/vendor/laravel/framework/src/Illuminate/Foundation/Http/Kernel.php(144): Illuminate/Foundation/Http/Kernel->sendRequestThroughRouter(Object(Illuminate/Http/Request))
#56 C:/laragon/www/POS_KYY/APK_POS_RISKI/vendor/laravel/framework/src/Illuminate/Foundation/Application.php(1220): Illuminate/Foundation/Http/Kernel->handle(Object(Illuminate/Http/Request))
#57 C:/laragon/www/POS_KYY/APK_POS_RISKI/public/index.php(20): Illuminate/Foundation/Application->handleRequest(Object(Illuminate/Http/Request))
#58 C:/laragon/www/POS_KYY/APK_POS_RISKI/vendor/laravel/framework/src/Illuminate/Foundation/resources/server.php(23): require_once('C://laragon//www//...')
#59 {main}

[previous exception] [object] (Illuminate\\View\\ViewException(code: 0): Route [users.index] not defined. (View: C:\\laragon\\www\\POS_KYY\\APK_POS_RISKI\\resources\\views\\layouts\\navbar.blade.php) at C:/laragon/www/POS_KYY/APK_POS_RISKI/vendor/laravel/framework/src/Illuminate/Routing/UrlGenerator.php:526)
[stacktrace]
#0 C:/laragon/www/POS_KYY/APK_POS_RISKI/vendor/laravel/framework/src/Illuminate/View/Engines/PhpEngine.php(59): Illuminate/View/Engines/CompilerEngine->handleViewException(Object(Symfony/Component/Routing/Exception/RouteNotFoundException), 3)
#1 C:/laragon/www/POS_KYY/APK_POS_RISKI/vendor/laravel/framework/src/Illuminate/View/Engines/CompilerEngine.php(76): Illuminate/View/Engines/PhpEngine->evaluatePath('C://laragon//www//...', Array)
#2 C:/laragon/www/POS_KYY/APK_POS_RISKI/vendor/laravel/framework/src/Illuminate/View/View.php(208): Illuminate/View/Engines/CompilerEngine->get('C://laragon//www//...', Array)
#3 C:/laragon/www/POS_KYY/APK_POS_RISKI/vendor/laravel/framework/src/Illuminate/View/View.php(191): Illuminate/View/View->getContents()
#4 C:/laragon/www/POS_KYY/APK_POS_RISKI/vendor/laravel/framework/src/Illuminate/View/View.php(160): Illuminate/View/View->renderContents()
#5 C:/laragon/www/POS_KYY/APK_POS_RISKI/storage/framework/views/62772120fec7556b89c16e3a38934c05.php(5): Illuminate/View/View->render()
#6 C:/laragon/www/POS_KYY/APK_POS_RISKI/vendor/laravel/framework/src/Illuminate/Filesystem/Filesystem.php(123): require('C://laragon//www//...')
#7 C:/laragon/www/POS_KYY/APK_POS_RISKI/vendor/laravel/framework/src/Illuminate/Filesystem/Filesystem.php(124): Illuminate/Filesystem/Filesystem::{closure:Illuminate/Filesystem/Filesystem::getRequire():120}()
#8 C:/laragon/www/POS_KYY/APK_POS_RISKI/vendor/laravel/framework/src/Illuminate/View/Engines/PhpEngine.php(57): Illuminate/Filesystem/Filesystem->getRequire('C://laragon//www//...', Array)
#9 C:/laragon/www/POS_KYY/APK_POS_RISKI/vendor/laravel/framework/src/Illuminate/View/Engines/CompilerEngine.php(76): Illuminate/View/Engines/PhpEngine->evaluatePath('C://laragon//www//...', Array)
#10 C:/laragon/www/POS_KYY/APK_POS_RISKI/vendor/laravel/framework/src/Illuminate/View/View.php(208): Illuminate/View/Engines/CompilerEngine->get('C://laragon//www//...', Array)
#11 C:/laragon/www/POS_KYY/APK_POS_RISKI/vendor/laravel/framework/src/Illuminate/View/View.php(191): Illuminate/View/View->getContents()
#12 C:/laragon/www/POS_KYY/APK_POS_RISKI/vendor/laravel/framework/src/Illuminate/View/View.php(160): Illuminate/View/View->renderContents()
#13 C:/laragon/www/POS_KYY/APK_POS_RISKI/vendor/laravel/framework/src/Illuminate/Http/Response.php(78): Illuminate/View/View->render()
#14 C:/laragon/www/POS_KYY/APK_POS_RISKI/vendor/laravel/framework/src/Illuminate/Http/Response.php(34): Illuminate/Http/Response->setContent(Object(Illuminate/View/View))
#15 C:/laragon/www/POS_KYY/APK_POS_RISKI/vendor/laravel/framework/src/Illuminate/Routing/Router.php(939): Illuminate/Http/Response->__construct(Object(Illuminate/View/View), 200, Array)
#16 C:/laragon/www/POS_KYY/APK_POS_RISKI/vendor/laravel/framework/src/Illuminate/Routing/Router.php(906): Illuminate/Routing/Router::toResponse(Object(Illuminate/Http/Request), Object(Illuminate/View/View))
#17 C:/laragon/www/POS_KYY/APK_POS_RISKI/vendor/laravel/framework/src/Illuminate/Routing/Router.php(821): Illuminate/Routing/Router->prepareResponse(Object(Illuminate/Http/Request), Object(Illuminate/View/View))
#18 C:/laragon/www/POS_KYY/APK_POS_RISKI/vendor/laravel/framework/src/Illuminate/Pipeline/Pipeline.php(180): Illuminate/Routing/Router->{closure:Illuminate/Routing/Router::runRouteWithinStack():821}(Object(Illuminate/Http/Request))
#19 C:/laragon/www/POS_KYY/APK_POS_RISKI/app/Http/Middleware/RoleMiddleware.php(23): Illuminate/Pipeline/Pipeline->{closure:Illuminate/Pipeline/Pipeline::prepareDestination():178}(Object(Illuminate/Http/Request))
#20 C:/laragon/www/POS_KYY/APK_POS_RISKI/vendor/laravel/framework/src/Illuminate/Pipeline/Pipeline.php(219): App/Http/Middleware/RoleMiddleware->handle(Object(Illuminate/Http/Request), Object(Closure), 'admin', 'kasir')
#21 C:/laragon/www/POS_KYY/APK_POS_RISKI/vendor/laravel/framework/src/Illuminate/Routing/Middleware/SubstituteBindings.php(50): Illuminate/Pipeline/Pipeline->{closure:{closure:Illuminate/Pipeline/Pipeline::carry():194}:195}(Object(Illuminate/Http/Request))
#22 C:/laragon/www/POS_KYY/APK_POS_RISKI/vendor/laravel/framework/src/Illuminate/Pipeline/Pipeline.php(219): Illuminate/Routing/Middleware/SubstituteBindings->handle(Object(Illuminate/Http/Request), Object(Closure))
#23 C:/laragon/www/POS_KYY/APK_POS_RISKI/vendor/laravel/framework/src/Illuminate/Auth/Middleware/Authenticate.php(63): Illuminate/Pipeline/Pipeline->{closure:{closure:Illuminate/Pipeline/Pipeline::carry():194}:195}(Object(Illuminate/Http/Request))
#24 C:/laragon/www/POS_KYY/APK_POS_RISKI/vendor/laravel/framework/src/Illuminate/Pipeline/Pipeline.php(219): Illuminate/Auth/Middleware/Authenticate->handle(Object(Illuminate/Http/Request), Object(Closure))
#25 C:/laragon/www/POS_KYY/APK_POS_RISKI/vendor/laravel/framework/src/Illuminate/Foundation/Http/Middleware/VerifyCsrfToken.php(87): Illuminate/Pipeline/Pipeline->{closure:{closure:Illuminate/Pipeline/Pipeline::carry():194}:195}(Object(Illuminate/Http/Request))
#26 C:/laragon/www/POS_KYY/APK_POS_RISKI/vendor/laravel/framework/src/Illuminate/Pipeline/Pipeline.php(219): Illuminate/Foundation/Http/Middleware/VerifyCsrfToken->handle(Object(Illuminate/Http/Request), Object(Closure))
#27 C:/laragon/www/POS_KYY/APK_POS_RISKI/vendor/laravel/framework/src/Illuminate/View/Middleware/ShareErrorsFromSession.php(48): Illuminate/Pipeline/Pipeline->{closure:{closure:Illuminate/Pipeline/Pipeline::carry():194}:195}(Object(Illuminate/Http/Request))
#28 C:/laragon/www/POS_KYY/APK_POS_RISKI/vendor/laravel/framework/src/Illuminate/Pipeline/Pipeline.php(219): Illuminate/View/Middleware/ShareErrorsFromSession->handle(Object(Illuminate/Http/Request), Object(Closure))
#29 C:/laragon/www/POS_KYY/APK_POS_RISKI/vendor/laravel/framework/src/Illuminate/Session/Middleware/StartSession.php(120): Illuminate/Pipeline/Pipeline->{closure:{closure:Illuminate/Pipeline/Pipeline::carry():194}:195}(Object(Illuminate/Http/Request))
#30 C:/laragon/www/POS_KYY/APK_POS_RISKI/vendor/laravel/framework/src/Illuminate/Session/Middleware/StartSession.php(63): Illuminate/Session/Middleware/StartSession->handleStatefulRequest(Object(Illuminate/Http/Request), Object(Illuminate/Session/Store), Object(Closure))
#31 C:/laragon/www/POS_KYY/APK_POS_RISKI/vendor/laravel/framework/src/Illuminate/Pipeline/Pipeline.php(219): Illuminate/Session/Middleware/StartSession->handle(Object(Illuminate/Http/Request), Object(Closure))
#32 C:/laragon/www/POS_KYY/APK_POS_RISKI/vendor/laravel/framework/src/Illuminate/Cookie/Middleware/AddQueuedCookiesToResponse.php(36): Illuminate/Pipeline/Pipeline->{closure:{closure:Illuminate/Pipeline/Pipeline::carry():194}:195}(Object(Illuminate/Http/Request))
#33 C:/laragon/www/POS_KYY/APK_POS_RISKI/vendor/laravel/framework/src/Illuminate/Pipeline/Pipeline.php(219): Illuminate/Cookie/Middleware/AddQueuedCookiesToResponse->handle(Object(Illuminate/Http/Request), Object(Closure))
#34 C:/laragon/www/POS_KYY/APK_POS_RISKI/vendor/laravel/framework/src/Illuminate/Cookie/Middleware/EncryptCookies.php(74): Illuminate/Pipeline/Pipeline->{closure:{closure:Illuminate/Pipeline/Pipeline::carry():194}:195}(Object(Illuminate/Http/Request))
#35 C:/laragon/www/POS_KYY/APK_POS_RISKI/vendor/laravel/framework/src/Illuminate/Pipeline/Pipeline.php(219): Illuminate/Cookie/Middleware/EncryptCookies->handle(Object(Illuminate/Http/Request), Object(Closure))
#36 C:/laragon/www/POS_KYY/APK_POS_RISKI/vendor/laravel/framework/src/Illuminate/Pipeline/Pipeline.php(137): Illuminate/Pipeline/Pipeline->{closure:{closure:Illuminate/Pipeline/Pipeline::carry():194}:195}(Object(Illuminate/Http/Request))
#37 C:/laragon/www/POS_KYY/APK_POS_RISKI/vendor/laravel/framework/src/Illuminate/Routing/Router.php(821): Illuminate/Pipeline/Pipeline->then(Object(Closure))
#38 C:/laragon/www/POS_KYY/APK_POS_RISKI/vendor/laravel/framework/src/Illuminate/Routing/Router.php(800): Illuminate/Routing/Router->runRouteWithinStack(Object(Illuminate/Routing/Route), Object(Illuminate/Http/Request))
#39 C:/laragon/www/POS_KYY/APK_POS_RISKI/vendor/laravel/framework/src/Illuminate/Routing/Router.php(764): Illuminate/Routing/Router->runRoute(Object(Illuminate/Http/Request), Object(Illuminate/Routing/Route))
#40 C:/laragon/www/POS_KYY/APK_POS_RISKI/vendor/laravel/framework/src/Illuminate/Routing/Router.php(753): Illuminate/Routing/Router->dispatchToRoute(Object(Illuminate/Http/Request))
#41 C:/laragon/www/POS_KYY/APK_POS_RISKI/vendor/laravel/framework/src/Illuminate/Foundation/Http/Kernel.php(200): Illuminate/Routing/Router->dispatch(Object(Illuminate/Http/Request))
#42 C:/laragon/www/POS_KYY/APK_POS_RISKI/vendor/laravel/framework/src/Illuminate/Pipeline/Pipeline.php(180): Illuminate/Foundation/Http/Kernel->{closure:Illuminate/Foundation/Http/Kernel::dispatchToRouter():197}(Object(Illuminate/Http/Request))
#43 C:/laragon/www/POS_KYY/APK_POS_RISKI/vendor/laravel/framework/src/Illuminate/Foundation/Http/Middleware/TransformsRequest.php(21): Illuminate/Pipeline/Pipeline->{closure:Illuminate/Pipeline/Pipeline::prepareDestination():178}(Object(Illuminate/Http/Request))
#44 C:/laragon/www/POS_KYY/APK_POS_RISKI/vendor/laravel/framework/src/Illuminate/Foundation/Http/Middleware/ConvertEmptyStringsToNull.php(31): Illuminate/Foundation/Http/Middleware/TransformsRequest->handle(Object(Illuminate/Http/Request), Object(Closure))
#45 C:/laragon/www/POS_KYY/APK_POS_RISKI/vendor/laravel/framework/src/Illuminate/Pipeline/Pipeline.php(219): Illuminate/Foundation/Http/Middleware/ConvertEmptyStringsToNull->handle(Object(Illuminate/Http/Request), Object(Closure))
#46 C:/laragon/www/POS_KYY/APK_POS_RISKI/vendor/laravel/framework/src/Illuminate/Foundation/Http/Middleware/TransformsRequest.php(21): Illuminate/Pipeline/Pipeline->{closure:{closure:Illuminate/Pipeline/Pipeline::carry():194}:195}(Object(Illuminate/Http/Request))
#47 C:/laragon/www/POS_KYY/APK_POS_RISKI/vendor/laravel/framework/src/Illuminate/Foundation/Http/Middleware/TrimStrings.php(51): Illuminate/Foundation/Http/Middleware/TransformsRequest->handle(Object(Illuminate/Http/Request), Object(Closure))
#48 C:/laragon/www/POS_KYY/APK_POS_RISKI/vendor/laravel/framework/src/Illuminate/Pipeline/Pipeline.php(219): Illuminate/Foundation/Http/Middleware/TrimStrings->handle(Object(Illuminate/Http/Request), Object(Closure))
#49 C:/laragon/www/POS_KYY/APK_POS_RISKI/vendor/laravel/framework/src/Illuminate/Http/Middleware/ValidatePostSize.php(27): Illuminate/Pipeline/Pipeline->{closure:{closure:Illuminate/Pipeline/Pipeline::carry():194}:195}(Object(Illuminate/Http/Request))
#50 C:/laragon/www/POS_KYY/APK_POS_RISKI/vendor/laravel/framework/src/Illuminate/Pipeline/Pipeline.php(219): Illuminate/Http/Middleware/ValidatePostSize->handle(Object(Illuminate/Http/Request), Object(Closure))
#51 C:/laragon/www/POS_KYY/APK_POS_RISKI/vendor/laravel/framework/src/Illuminate/Foundation/Http/Middleware/PreventRequestsDuringMaintenance.php(109): Illuminate/Pipeline/Pipeline->{closure:{closure:Illuminate/Pipeline/Pipeline::carry():194}:195}(Object(Illuminate/Http/Request))
#52 C:/laragon/www/POS_KYY/APK_POS_RISKI/vendor/laravel/framework/src/Illuminate/Pipeline/Pipeline.php(219): Illuminate/Foundation/Http/Middleware/PreventRequestsDuringMaintenance->handle(Object(Illuminate/Http/Request), Object(Closure))
#53 C:/laragon/www/POS_KYY/APK_POS_RISKI/vendor/laravel/framework/src/Illuminate/Http/Middleware/HandleCors.php(48): Illuminate/Pipeline/Pipeline->{closure:{closure:Illuminate/Pipeline/Pipeline::carry():194}:195}(Object(Illuminate/Http/Request))
#54 C:/laragon/www/POS_KYY/APK_POS_RISKI/vendor/laravel/framework/src/Illuminate/Pipeline/Pipeline.php(219): Illuminate/Http/Middleware/HandleCors->handle(Object(Illuminate/Http/Request), Object(Closure))
#55 C:/laragon/www/POS_KYY/APK_POS_RISKI/vendor/laravel/framework/src/Illuminate/Http/Middleware/TrustProxies.php(58): Illuminate/Pipeline/Pipeline->{closure:{closure:Illuminate/Pipeline/Pipeline::carry():194}:195}(Object(Illuminate/Http/Request))
#56 C:/laragon/www/POS_KYY/APK_POS_RISKI/vendor/laravel/framework/src/Illuminate/Pipeline/Pipeline.php(219): Illuminate/Http/Middleware/TrustProxies->handle(Object(Illuminate/Http/Request), Object(Closure))
#57 C:/laragon/www/POS_KYY/APK_POS_RISKI/vendor/laravel/framework/src/Illuminate/Foundation/Http/Middleware/InvokeDeferredCallbacks.php(22): Illuminate/Pipeline/Pipeline->{closure:{closure:Illuminate/Pipeline/Pipeline::carry():194}:195}(Object(Illuminate/Http/Request))
#58 C:/laragon/www/POS_KYY/APK_POS_RISKI/vendor/laravel/framework/src/Illuminate/Pipeline/Pipeline.php(219): Illuminate/Foundation/Http/Middleware/InvokeDeferredCallbacks->handle(Object(Illuminate/Http/Request), Object(Closure))
#59 C:/laragon/www/POS_KYY/APK_POS_RISKI/vendor/laravel/framework/src/Illuminate/Http/Middleware/ValidatePathEncoding.php(26): Illuminate/Pipeline/Pipeline->{closure:{closure:Illuminate/Pipeline/Pipeline::carry():194}:195}(Object(Illuminate/Http/Request))
#60 C:/laragon/www/POS_KYY/APK_POS_RISKI/vendor/laravel/framework/src/Illuminate/Pipeline/Pipeline.php(219): Illuminate/Http/Middleware/ValidatePathEncoding->handle(Object(Illuminate/Http/Request), Object(Closure))
#61 C:/laragon/www/POS_KYY/APK_POS_RISKI/vendor/laravel/framework/src/Illuminate/Pipeline/Pipeline.php(137): Illuminate/Pipeline/Pipeline->{closure:{closure:Illuminate/Pipeline/Pipeline::carry():194}:195}(Object(Illuminate/Http/Request))
#62 C:/laragon/www/POS_KYY/APK_POS_RISKI/vendor/laravel/framework/src/Illuminate/Foundation/Http/Kernel.php(175): Illuminate/Pipeline/Pipeline->then(Object(Closure))
#63 C:/laragon/www/POS_KYY/APK_POS_RISKI/vendor/laravel/framework/src/Illuminate/Foundation/Http/Kernel.php(144): Illuminate/Foundation/Http/Kernel->sendRequestThroughRouter(Object(Illuminate/Http/Request))
#64 C:/laragon/www/POS_KYY/APK_POS_RISKI/vendor/laravel/framework/src/Illuminate/Foundation/Application.php(1220): Illuminate/Foundation/Http/Kernel->handle(Object(Illuminate/Http/Request))
#65 C:/laragon/www/POS_KYY/APK_POS_RISKI/public/index.php(20): Illuminate/Foundation/Application->handleRequest(Object(Illuminate/Http/Request))
#66 C:/laragon/www/POS_KYY/APK_POS_RISKI/vendor/laravel/framework/src/Illuminate/Foundation/resources/server.php(23): require_once('C://laragon//www//...')
#67 {main}

[previous exception] [object] (Symfony\\Component\\Routing\\Exception\\RouteNotFoundException(code: 0): Route [users.index] not defined. at C:/laragon/www/POS_KYY/APK_POS_RISKI/vendor/laravel/framework/src/Illuminate/Routing/UrlGenerator.php:526)
[stacktrace]
#0 C:/laragon/www/POS_KYY/APK_POS_RISKI/vendor/laravel/framework/src/Illuminate/Foundation/helpers.php(871): Illuminate/Routing/UrlGenerator->route('users.index', Array, true)
#1 C:/laragon/www/POS_KYY/APK_POS_RISKI/storage/framework/views/eb56fe20e045b6f24b1c3798b9cdfcd7.php(20): route('users.index')
#2 C:/laragon/www/POS_KYY/APK_POS_RISKI/vendor/laravel/framework/src/Illuminate/Filesystem/Filesystem.php(123): require('C://laragon//www//...')
#3 C:/laragon/www/POS_KYY/APK_POS_RISKI/vendor/laravel/framework/src/Illuminate/Filesystem/Filesystem.php(124): Illuminate/Filesystem/Filesystem::{closure:Illuminate/Filesystem/Filesystem::getRequire():120}()
#4 C:/laragon/www/POS_KYY/APK_POS_RISKI/vendor/laravel/framework/src/Illuminate/View/Engines/PhpEngine.php(57): Illuminate/Filesystem/Filesystem->getRequire('C://laragon//www//...', Array)
#5 C:/laragon/www/POS_KYY/APK_POS_RISKI/vendor/laravel/framework/src/Illuminate/View/Engines/CompilerEngine.php(76): Illuminate/View/Engines/PhpEngine->evaluatePath('C://laragon//www//...', Array)
#6 C:/laragon/www/POS_KYY/APK_POS_RISKI/vendor/laravel/framework/src/Illuminate/View/View.php(208): Illuminate/View/Engines/CompilerEngine->get('C://laragon//www//...', Array)
#7 C:/laragon/www/POS_KYY/APK_POS_RISKI/vendor/laravel/framework/src/Illuminate/View/View.php(191): Illuminate/View/View->getContents()
#8 C:/laragon/www/POS_KYY/APK_POS_RISKI/vendor/laravel/framework/src/Illuminate/View/View.php(160): Illuminate/View/View->renderContents()
#9 C:/laragon/www/POS_KYY/APK_POS_RISKI/storage/framework/views/62772120fec7556b89c16e3a38934c05.php(5): Illuminate/View/View->render()
#10 C:/laragon/www/POS_KYY/APK_POS_RISKI/vendor/laravel/framework/src/Illuminate/Filesystem/Filesystem.php(123): require('C://laragon//www//...')
#11 C:/laragon/www/POS_KYY/APK_POS_RISKI/vendor/laravel/framework/src/Illuminate/Filesystem/Filesystem.php(124): Illuminate/Filesystem/Filesystem::{closure:Illuminate/Filesystem/Filesystem::getRequire():120}()
#12 C:/laragon/www/POS_KYY/APK_POS_RISKI/vendor/laravel/framework/src/Illuminate/View/Engines/PhpEngine.php(57): Illuminate/Filesystem/Filesystem->getRequire('C://laragon//www//...', Array)
#13 C:/laragon/www/POS_KYY/APK_POS_RISKI/vendor/laravel/framework/src/Illuminate/View/Engines/CompilerEngine.php(76): Illuminate/View/Engines/PhpEngine->evaluatePath('C://laragon//www//...', Array)
#14 C:/laragon/www/POS_KYY/APK_POS_RISKI/vendor/laravel/framework/src/Illuminate/View/View.php(208): Illuminate/View/Engines/CompilerEngine->get('C://laragon//www//...', Array)
#15 C:/laragon/www/POS_KYY/APK_POS_RISKI/vendor/laravel/framework/src/Illuminate/View/View.php(191): Illuminate/View/View->getContents()
#16 C:/laragon/www/POS_KYY/APK_POS_RISKI/vendor/laravel/framework/src/Illuminate/View/View.php(160): Illuminate/View/View->renderContents()
#17 C:/laragon/www/POS_KYY/APK_POS_RISKI/vendor/laravel/framework/src/Illuminate/Http/Response.php(78): Illuminate/View/View->render()
#18 C:/laragon/www/POS_KYY/APK_POS_RISKI/vendor/laravel/framework/src/Illuminate/Http/Response.php(34): Illuminate/Http/Response->setContent(Object(Illuminate/View/View))
#19 C:/laragon/www/POS_KYY/APK_POS_RISKI/vendor/laravel/framework/src/Illuminate/Routing/Router.php(939): Illuminate/Http/Response->__construct(Object(Illuminate/View/View), 200, Array)
#20 C:/laragon/www/POS_KYY/APK_POS_RISKI/vendor/laravel/framework/src/Illuminate/Routing/Router.php(906): Illuminate/Routing/Router::toResponse(Object(Illuminate/Http/Request), Object(Illuminate/View/View))
#21 C:/laragon/www/POS_KYY/APK_POS_RISKI/vendor/laravel/framework/src/Illuminate/Routing/Router.php(821): Illuminate/Routing/Router->prepareResponse(Object(Illuminate/Http/Request), Object(Illuminate/View/View))
#22 C:/laragon/www/POS_KYY/APK_POS_RISKI/vendor/laravel/framework/src/Illuminate/Pipeline/Pipeline.php(180): Illuminate/Routing/Router->{closure:Illuminate/Routing/Router::runRouteWithinStack():821}(Object(Illuminate/Http/Request))
#23 C:/laragon/www/POS_KYY/APK_POS_RISKI/app/Http/Middleware/RoleMiddleware.php(23): Illuminate/Pipeline/Pipeline->{closure:Illuminate/Pipeline/Pipeline::prepareDestination():178}(Object(Illuminate/Http/Request))
#24 C:/laragon/www/POS_KYY/APK_POS_RISKI/vendor/laravel/framework/src/Illuminate/Pipeline/Pipeline.php(219): App/Http/Middleware/RoleMiddleware->handle(Object(Illuminate/Http/Request), Object(Closure), 'admin', 'kasir')
#25 C:/laragon/www/POS_KYY/APK_POS_RISKI/vendor/laravel/framework/src/Illuminate/Routing/Middleware/SubstituteBindings.php(50): Illuminate/Pipeline/Pipeline->{closure:{closure:Illuminate/Pipeline/Pipeline::carry():194}:195}(Object(Illuminate/Http/Request))
#26 C:/laragon/www/POS_KYY/APK_POS_RISKI/vendor/laravel/framework/src/Illuminate/Pipeline/Pipeline.php(219): Illuminate/Routing/Middleware/SubstituteBindings->handle(Object(Illuminate/Http/Request), Object(Closure))
#27 C:/laragon/www/POS_KYY/APK_POS_RISKI/vendor/laravel/framework/src/Illuminate/Auth/Middleware/Authenticate.php(63): Illuminate/Pipeline/Pipeline->{closure:{closure:Illuminate/Pipeline/Pipeline::carry():194}:195}(Object(Illuminate/Http/Request))
#28 C:/laragon/www/POS_KYY/APK_POS_RISKI/vendor/laravel/framework/src/Illuminate/Pipeline/Pipeline.php(219): Illuminate/Auth/Middleware/Authenticate->handle(Object(Illuminate/Http/Request), Object(Closure))
#29 C:/laragon/www/POS_KYY/APK_POS_RISKI/vendor/laravel/framework/src/Illuminate/Foundation/Http/Middleware/VerifyCsrfToken.php(87): Illuminate/Pipeline/Pipeline->{closure:{closure:Illuminate/Pipeline/Pipeline::carry():194}:195}(Object(Illuminate/Http/Request))
#30 C:/laragon/www/POS_KYY/APK_POS_RISKI/vendor/laravel/framework/src/Illuminate/Pipeline/Pipeline.php(219): Illuminate/Foundation/Http/Middleware/VerifyCsrfToken->handle(Object(Illuminate/Http/Request), Object(Closure))
#31 C:/laragon/www/POS_KYY/APK_POS_RISKI/vendor/laravel/framework/src/Illuminate/View/Middleware/ShareErrorsFromSession.php(48): Illuminate/Pipeline/Pipeline->{closure:{closure:Illuminate/Pipeline/Pipeline::carry():194}:195}(Object(Illuminate/Http/Request))
#32 C:/laragon/www/POS_KYY/APK_POS_RISKI/vendor/laravel/framework/src/Illuminate/Pipeline/Pipeline.php(219): Illuminate/View/Middleware/ShareErrorsFromSession->handle(Object(Illuminate/Http/Request), Object(Closure))
#33 C:/laragon/www/POS_KYY/APK_POS_RISKI/vendor/laravel/framework/src/Illuminate/Session/Middleware/StartSession.php(120): Illuminate/Pipeline/Pipeline->{closure:{closure:Illuminate/Pipeline/Pipeline::carry():194}:195}(Object(Illuminate/Http/Request))
#34 C:/laragon/www/POS_KYY/APK_POS_RISKI/vendor/laravel/framework/src/Illuminate/Session/Middleware/StartSession.php(63): Illuminate/Session/Middleware/StartSession->handleStatefulRequest(Object(Illuminate/Http/Request), Object(Illuminate/Session/Store), Object(Closure))
#35 C:/laragon/www/POS_KYY/APK_POS_RISKI/vendor/laravel/framework/src/Illuminate/Pipeline/Pipeline.php(219): Illuminate/Session/Middleware/StartSession->handle(Object(Illuminate/Http/Request), Object(Closure))
#36 C:/laragon/www/POS_KYY/APK_POS_RISKI/vendor/laravel/framework/src/Illuminate/Cookie/Middleware/AddQueuedCookiesToResponse.php(36): Illuminate/Pipeline/Pipeline->{closure:{closure:Illuminate/Pipeline/Pipeline::carry():194}:195}(Object(Illuminate/Http/Request))
#37 C:/laragon/www/POS_KYY/APK_POS_RISKI/vendor/laravel/framework/src/Illuminate/Pipeline/Pipeline.php(219): Illuminate/Cookie/Middleware/AddQueuedCookiesToResponse->handle(Object(Illuminate/Http/Request), Object(Closure))
#38 C:/laragon/www/POS_KYY/APK_POS_RISKI/vendor/laravel/framework/src/Illuminate/Cookie/Middleware/EncryptCookies.php(74): Illuminate/Pipeline/Pipeline->{closure:{closure:Illuminate/Pipeline/Pipeline::carry():194}:195}(Object(Illuminate/Http/Request))
#39 C:/laragon/www/POS_KYY/APK_POS_RISKI/vendor/laravel/framework/src/Illuminate/Pipeline/Pipeline.php(219): Illuminate/Cookie/Middleware/EncryptCookies->handle(Object(Illuminate/Http/Request), Object(Closure))
#40 C:/laragon/www/POS_KYY/APK_POS_RISKI/vendor/laravel/framework/src/Illuminate/Pipeline/Pipeline.php(137): Illuminate/Pipeline/Pipeline->{closure:{closure:Illuminate/Pipeline/Pipeline::carry():194}:195}(Object(Illuminate/Http/Request))
#41 C:/laragon/www/POS_KYY/APK_POS_RISKI/vendor/laravel/framework/src/Illuminate/Routing/Router.php(821): Illuminate/Pipeline/Pipeline->then(Object(Closure))
#42 C:/laragon/www/POS_KYY/APK_POS_RISKI/vendor/laravel/framework/src/Illuminate/Routing/Router.php(800): Illuminate/Routing/Router->runRouteWithinStack(Object(Illuminate/Routing/Route), Object(Illuminate/Http/Request))
#43 C:/laragon/www/POS_KYY/APK_POS_RISKI/vendor/laravel/framework/src/Illuminate/Routing/Router.php(764): Illuminate/Routing/Router->runRoute(Object(Illuminate/Http/Request), Object(Illuminate/Routing/Route))
#44 C:/laragon/www/POS_KYY/APK_POS_RISKI/vendor/laravel/framework/src/Illuminate/Routing/Router.php(753): Illuminate/Routing/Router->dispatchToRoute(Object(Illuminate/Http/Request))
#45 C:/laragon/www/POS_KYY/APK_POS_RISKI/vendor/laravel/framework/src/Illuminate/Foundation/Http/Kernel.php(200): Illuminate/Routing/Router->dispatch(Object(Illuminate/Http/Request))
#46 C:/laragon/www/POS_KYY/APK_POS_RISKI/vendor/laravel/framework/src/Illuminate/Pipeline/Pipeline.php(180): Illuminate/Foundation/Http/Kernel->{closure:Illuminate/Foundation/Http/Kernel::dispatchToRouter():197}(Object(Illuminate/Http/Request))
#47 C:/laragon/www/POS_KYY/APK_POS_RISKI/vendor/laravel/framework/src/Illuminate/Foundation/Http/Middleware/TransformsRequest.php(21): Illuminate/Pipeline/Pipeline->{closure:Illuminate/Pipeline/Pipeline::prepareDestination():178}(Object(Illuminate/Http/Request))
#48 C:/laragon/www/POS_KYY/APK_POS_RISKI/vendor/laravel/framework/src/Illuminate/Foundation/Http/Middleware/ConvertEmptyStringsToNull.php(31): Illuminate/Foundation/Http/Middleware/TransformsRequest->handle(Object(Illuminate/Http/Request), Object(Closure))
#49 C:/laragon/www/POS_KYY/APK_POS_RISKI/vendor/laravel/framework/src/Illuminate/Pipeline/Pipeline.php(219): Illuminate/Foundation/Http/Middleware/ConvertEmptyStringsToNull->handle(Object(Illuminate/Http/Request), Object(Closure))
#50 C:/laragon/www/POS_KYY/APK_POS_RISKI/vendor/laravel/framework/src/Illuminate/Foundation/Http/Middleware/TransformsRequest.php(21): Illuminate/Pipeline/Pipeline->{closure:{closure:Illuminate/Pipeline/Pipeline::carry():194}:195}(Object(Illuminate/Http/Request))
#51 C:/laragon/www/POS_KYY/APK_POS_RISKI/vendor/laravel/framework/src/Illuminate/Foundation/Http/Middleware/TrimStrings.php(51): Illuminate/Foundation/Http/Middleware/TransformsRequest->handle(Object(Illuminate/Http/Request), Object(Closure))
#52 C:/laragon/www/POS_KYY/APK_POS_RISKI/vendor/laravel/framework/src/Illuminate/Pipeline/Pipeline.php(219): Illuminate/Foundation/Http/Middleware/TrimStrings->handle(Object(Illuminate/Http/Request), Object(Closure))
#53 C:/laragon/www/POS_KYY/APK_POS_RISKI/vendor/laravel/framework/src/Illuminate/Http/Middleware/ValidatePostSize.php(27): Illuminate/Pipeline/Pipeline->{closure:{closure:Illuminate/Pipeline/Pipeline::carry():194}:195}(Object(Illuminate/Http/Request))
#54 C:/laragon/www/POS_KYY/APK_POS_RISKI/vendor/laravel/framework/src/Illuminate/Pipeline/Pipeline.php(219): Illuminate/Http/Middleware/ValidatePostSize->handle(Object(Illuminate/Http/Request), Object(Closure))
#55 C:/laragon/www/POS_KYY/APK_POS_RISKI/vendor/laravel/framework/src/Illuminate/Foundation/Http/Middleware/PreventRequestsDuringMaintenance.php(109): Illuminate/Pipeline/Pipeline->{closure:{closure:Illuminate/Pipeline/Pipeline::carry():194}:195}(Object(Illuminate/Http/Request))
#56 C:/laragon/www/POS_KYY/APK_POS_RISKI/vendor/laravel/framework/src/Illuminate/Pipeline/Pipeline.php(219): Illuminate/Foundation/Http/Middleware/PreventRequestsDuringMaintenance->handle(Object(Illuminate/Http/Request), Object(Closure))
#57 C:/laragon/www/POS_KYY/APK_POS_RISKI/vendor/laravel/framework/src/Illuminate/Http/Middleware/HandleCors.php(48): Illuminate/Pipeline/Pipeline->{closure:{closure:Illuminate/Pipeline/Pipeline::carry():194}:195}(Object(Illuminate/Http/Request))
#58 C:/laragon/www/POS_KYY/APK_POS_RISKI/vendor/laravel/framework/src/Illuminate/Pipeline/Pipeline.php(219): Illuminate/Http/Middleware/HandleCors->handle(Object(Illuminate/Http/Request), Object(Closure))
#59 C:/laragon/www/POS_KYY/APK_POS_RISKI/vendor/laravel/framework/src/Illuminate/Http/Middleware/TrustProxies.php(58): Illuminate/Pipeline/Pipeline->{closure:{closure:Illuminate/Pipeline/Pipeline::carry():194}:195}(Object(Illuminate/Http/Request))
#60 C:/laragon/www/POS_KYY/APK_POS_RISKI/vendor/laravel/framework/src/Illuminate/Pipeline/Pipeline.php(219): Illuminate/Http/Middleware/TrustProxies->handle(Object(Illuminate/Http/Request), Object(Closure))
#61 C:/laragon/www/POS_KYY/APK_POS_RISKI/vendor/laravel/framework/src/Illuminate/Foundation/Http/Middleware/InvokeDeferredCallbacks.php(22): Illuminate/Pipeline/Pipeline->{closure:{closure:Illuminate/Pipeline/Pipeline::carry():194}:195}(Object(Illuminate/Http/Request))
#62 C:/laragon/www/POS_KYY/APK_POS_RISKI/vendor/laravel/framework/src/Illuminate/Pipeline/Pipeline.php(219): Illuminate/Foundation/Http/Middleware/InvokeDeferredCallbacks->handle(Object(Illuminate/Http/Request), Object(Closure))
#63 C:/laragon/www/POS_KYY/APK_POS_RISKI/vendor/laravel/framework/src/Illuminate/Http/Middleware/ValidatePathEncoding.php(26): Illuminate/Pipeline/Pipeline->{closure:{closure:Illuminate/Pipeline/Pipeline::carry():194}:195}(Object(Illuminate/Http/Request))
#64 C:/laragon/www/POS_KYY/APK_POS_RISKI/vendor/laravel/framework/src/Illuminate/Pipeline/Pipeline.php(219): Illuminate/Http/Middleware/ValidatePathEncoding->handle(Object(Illuminate/Http/Request), Object(Closure))
#65 C:/laragon/www/POS_KYY/APK_POS_RISKI/vendor/laravel/framework/src/Illuminate/Pipeline/Pipeline.php(137): Illuminate/Pipeline/Pipeline->{closure:{closure:Illuminate/Pipeline/Pipeline::carry():194}:195}(Object(Illuminate/Http/Request))
#66 C:/laragon/www/POS_KYY/APK_POS_RISKI/vendor/laravel/framework/src/Illuminate/Foundation/Http/Kernel.php(175): Illuminate/Pipeline/Pipeline->then(Object(Closure))
#67 C:/laragon/www/POS_KYY/APK_POS_RISKI/vendor/laravel/framework/src/Illuminate/Foundation/Http/Kernel.php(144): Illuminate/Foundation/Http/Kernel->sendRequestThroughRouter(Object(Illuminate/Http/Request))
#68 C:/laragon/www/POS_KYY/APK_POS_RISKI/vendor/laravel/framework/src/Illuminate/Foundation/Application.php(1220): Illuminate/Foundation/Http/Kernel->handle(Object(Illuminate/Http/Request))
#69 C:/laragon/www/POS_KYY/APK_POS_RISKI/public/index.php(20): Illuminate/Foundation/Application->handleRequest(Object(Illuminate/Http/Request))
#70 C:/laragon/www/POS_KYY/APK_POS_RISKI/vendor/laravel/framework/src/Illuminate/Foundation/resources/server.php(23): require_once('C://laragon//www//...')
#71 {main}
"} 
